"MetWatch daily weather data for Kumeu, Auckland"
"Start Date","Max Air Temp. (°C)","Min Air Temp. (°C)","Mean Air Temp. (°C)","Rainfall (mm)","Evapo-transpiration (mm/d)","Backup Data","Missing Data"
"Fri 1st Jan 2016",-,-,-,-,-,,All
"Sat 2nd Jan 2016",-,-,-,-,-,,All
"Sun 3rd Jan 2016",-,-,-,-,-,,All
"Mon 4th Jan 2016",-,-,-,-,-,,All
"Tue 5th Jan 2016",-,-,-,-,-,,All
"Wed 6th Jan 2016",-,-,-,-,-,,All
"Thu 7th Jan 2016",-,-,-,-,-,,All
"Fri 8th Jan 2016",-,-,-,-,-,,All
"Sat 9th Jan 2016",-,-,-,-,-,,All
"Sun 10th Jan 2016",-,-,-,-,-,,All
"Mon 11th Jan 2016",-,-,-,-,-,,All
"Tue 12th Jan 2016",-,-,-,-,-,,All
"Wed 13th Jan 2016",-,-,-,-,-,,All
"Thu 14th Jan 2016",-,-,-,-,-,,All
"Fri 15th Jan 2016",-,-,-,-,-,,All
"Sat 16th Jan 2016",-,-,-,-,-,,All
"Sun 17th Jan 2016",-,-,-,-,-,,All
"Mon 18th Jan 2016",-,-,-,-,-,,All
"Tue 19th Jan 2016",-,-,-,-,-,,All
"Wed 20th Jan 2016",-,-,-,-,-,,All
"Thu 21st Jan 2016",-,-,-,-,-,,All
"Fri 22nd Jan 2016",-,-,-,-,-,,All
"Sat 23rd Jan 2016",-,-,-,-,-,,All
"Sun 24th Jan 2016",-,-,-,-,-,,All
"Mon 25th Jan 2016",-,-,-,-,-,,All
"Tue 26th Jan 2016",-,-,-,-,-,,All
"Wed 27th Jan 2016",-,-,-,-,-,,All
"Thu 28th Jan 2016",-,-,-,-,-,,All
"Fri 29th Jan 2016",-,-,-,-,-,,All
"Sat 30th Jan 2016",-,-,-,-,-,,All
"Sun 31st Jan 2016",-,-,-,-,-,,All
"Mon 1st Feb 2016",-,-,-,-,-,,All
"Tue 2nd Feb 2016",-,-,-,-,-,,All
"Wed 3rd Feb 2016",-,-,-,-,-,,All
"Thu 4th Feb 2016",-,-,-,-,-,,All
"Fri 5th Feb 2016",-,-,-,-,-,,All
"Sat 6th Feb 2016",-,-,-,-,-,,All
"Sun 7th Feb 2016",-,-,-,-,-,,All
"Mon 8th Feb 2016",-,-,-,-,-,,All
"Tue 9th Feb 2016",-,-,-,-,-,,All
"Wed 10th Feb 2016",-,-,-,-,-,,All
"Thu 11th Feb 2016",-,-,-,-,-,,All
"Fri 12th Feb 2016",-,-,-,-,-,,All
"Sat 13th Feb 2016",-,-,-,-,-,,All
"Sun 14th Feb 2016",-,-,-,-,-,,All
"Mon 15th Feb 2016",-,-,-,-,-,,All
"Tue 16th Feb 2016",-,-,-,-,-,,All
"Wed 17th Feb 2016",-,-,-,-,-,,All
"Thu 18th Feb 2016",-,-,-,-,-,,All
"Fri 19th Feb 2016",-,-,-,-,-,,All
"Sat 20th Feb 2016",-,-,-,-,-,,All
"Sun 21st Feb 2016",-,-,-,-,-,,All
"Mon 22nd Feb 2016",-,-,-,-,-,,All
"Tue 23rd Feb 2016",-,-,-,-,-,,All
"Wed 24th Feb 2016",-,-,-,-,-,,All
"Thu 25th Feb 2016",-,-,-,-,-,,All
"Fri 26th Feb 2016",-,-,-,-,-,,All
"Sat 27th Feb 2016",-,-,-,-,-,,All
"Sun 28th Feb 2016",-,-,-,-,-,,All
"Mon 29th Feb 2016",-,-,-,-,-,,All
"Tue 1st Mar 2016",-,-,-,-,-,,All
"Wed 2nd Mar 2016",-,-,-,-,-,,All
"Thu 3rd Mar 2016",-,-,-,-,-,,All
"Fri 4th Mar 2016",-,-,-,-,-,,All
"Sat 5th Mar 2016",-,-,-,-,-,,All
"Sun 6th Mar 2016",-,-,-,-,-,,All
"Mon 7th Mar 2016",-,-,-,-,-,,All
"Tue 8th Mar 2016",-,-,-,-,-,,All
"Wed 9th Mar 2016",-,-,-,-,-,,All
"Thu 10th Mar 2016",-,-,-,-,-,,All
"Fri 11th Mar 2016",-,-,-,-,-,,All
"Sat 12th Mar 2016",-,-,-,-,-,,All
"Sun 13th Mar 2016",-,-,-,-,-,,All
"Mon 14th Mar 2016",-,-,-,-,-,,All
"Tue 15th Mar 2016",-,-,-,-,-,,All
"Wed 16th Mar 2016",-,-,-,-,-,,All
"Thu 17th Mar 2016",-,-,-,-,-,,All
"Fri 18th Mar 2016",-,-,-,-,-,,All
"Sat 19th Mar 2016",-,-,-,-,-,,All
"Sun 20th Mar 2016",-,-,-,-,-,,All
"Mon 21st Mar 2016",-,-,-,-,-,,All
"Tue 22nd Mar 2016",-,-,-,-,-,,All
"Wed 23rd Mar 2016",-,-,-,-,-,,All
"Thu 24th Mar 2016",-,-,-,-,-,,All
"Fri 25th Mar 2016",-,-,-,-,-,,All
"Sat 26th Mar 2016",-,-,-,-,-,,All
"Sun 27th Mar 2016",-,-,-,-,-,,All
"Mon 28th Mar 2016",-,-,-,-,-,,All
"Tue 29th Mar 2016",-,-,-,-,-,,All
"Wed 30th Mar 2016",-,-,-,-,-,,All
"Thu 31st Mar 2016",-,-,-,-,-,,All
"Fri 1st Apr 2016",-,-,-,-,-,,All
"Sat 2nd Apr 2016",-,-,-,-,-,,All
"Sun 3rd Apr 2016",-,-,-,-,-,,All
"Mon 4th Apr 2016",-,-,-,-,-,,All
"Tue 5th Apr 2016",-,-,-,-,-,,All
"Wed 6th Apr 2016",-,-,-,-,-,,All
"Thu 7th Apr 2016",-,-,-,-,-,,All
"Fri 8th Apr 2016",-,-,-,-,-,,All
"Sat 9th Apr 2016",-,-,-,-,-,,All
"Sun 10th Apr 2016",-,-,-,-,-,,All
"Mon 11th Apr 2016",-,-,-,-,-,,All
"Tue 12th Apr 2016",-,-,-,-,-,,All
"Wed 13th Apr 2016",-,-,-,-,-,,All
"Thu 14th Apr 2016",-,-,-,-,-,,All
"Fri 15th Apr 2016",-,-,-,-,-,,All
"Sat 16th Apr 2016",-,-,-,-,-,,All
"Sun 17th Apr 2016",-,-,-,-,-,,All
"Mon 18th Apr 2016",-,-,-,-,-,,All
"Tue 19th Apr 2016",-,-,-,-,-,,All
"Wed 20th Apr 2016",-,-,-,-,-,,All
"Thu 21st Apr 2016",-,-,-,-,-,,All
"Fri 22nd Apr 2016",-,-,-,-,-,,All
"Sat 23rd Apr 2016",-,-,-,-,-,,All
"Sun 24th Apr 2016",-,-,-,-,-,,All
"Mon 25th Apr 2016",-,-,-,-,-,,All
"Tue 26th Apr 2016",-,-,-,-,-,,All
"Wed 27th Apr 2016",-,-,-,-,-,,All
"Thu 28th Apr 2016",-,-,-,-,-,,All
"Fri 29th Apr 2016",-,-,-,-,-,,All
"Sat 30th Apr 2016",-,-,-,-,-,,All
"Sun 1st May 2016",-,-,-,-,-,,All
"Mon 2nd May 2016",-,-,-,-,-,,All
"Tue 3rd May 2016",-,-,-,-,-,,All
"Wed 4th May 2016",-,-,-,-,-,,All
"Thu 5th May 2016",-,-,-,-,-,,All
"Fri 6th May 2016",-,-,-,-,-,,All
"Sat 7th May 2016",-,-,-,-,-,,All
"Sun 8th May 2016",-,-,-,-,-,,All
"Mon 9th May 2016",-,-,-,-,-,,All
"Tue 10th May 2016",-,-,-,-,-,,All
"Wed 11th May 2016",-,-,-,-,-,,All
"Thu 12th May 2016",-,-,-,-,-,,All
"Fri 13th May 2016",-,-,-,-,-,,All
"Sat 14th May 2016",-,-,-,-,-,,All
"Sun 15th May 2016",-,-,-,-,-,,All
"Mon 16th May 2016",-,-,-,-,-,,All
"Tue 17th May 2016",-,-,-,-,-,,All
"Wed 18th May 2016",-,-,-,-,-,,All
"Thu 19th May 2016",-,-,-,-,-,,All
"Fri 20th May 2016",-,-,-,-,-,,All
"Sat 21st May 2016",-,-,-,-,-,,All
"Sun 22nd May 2016",-,-,-,-,-,,All
"Mon 23rd May 2016",-,-,-,2.4,2.6,,Some
"Tue 24th May 2016",18.5,13.3,15.9,13.0,1.4,,
"Wed 25th May 2016",18.1,9.9,14.0,15.4,1.1,,
"Thu 26th May 2016",18.3,11.4,14.8,3.0,1.4,,
"Fri 27th May 2016",19.1,10.8,15.0,8.6,0.8,,
"Sat 28th May 2016",20.3,16.4,18.4,0.2,1.8,,
"Sun 29th May 2016",19.9,12.8,16.4,20.4,1.3,,
"Mon 30th May 2016",17.5,9.5,13.5,4.2,1.5,,
"Tue 31st May 2016",15.2,3.6,9.4,15.8,1.9,,
"Wed 1st Jun 2016",13.4,5.4,9.4,4.6,0.6,,
"Thu 2nd Jun 2016",14.0,-0.5,6.8,0.0,0.8,,
"Fri 3rd Jun 2016",15.5,-0.5,7.5,0.0,0.7,,
"Sat 4th Jun 2016",17.3,-0.8,8.3,0.0,0.5,,
"Sun 5th Jun 2016",16.5,1.5,9.0,0.0,0.7,,
"Mon 6th Jun 2016",15.8,8.2,12.0,0.0,1.3,,
"Tue 7th Jun 2016",17.6,13.9,15.7,0.0,2.3,,
"Wed 8th Jun 2016",17.3,14.9,16.1,0.2,1.6,,
"Thu 9th Jun 2016",18.6,15.8,17.2,5.6,0.9,,
"Fri 10th Jun 2016",19.8,8.4,14.1,1.0,0.6,,
"Sat 11th Jun 2016",18.1,8.4,13.2,0.4,0.7,,
"Sun 12th Jun 2016",17.9,9.1,13.5,3.4,1.7,,
"Mon 13th Jun 2016",14.8,3.6,9.2,0.2,0.8,,
"Tue 14th Jun 2016",16.2,8.1,12.2,2.8,0.7,,
"Wed 15th Jun 2016",15.5,4.6,10.0,2.4,0.6,,
"Thu 16th Jun 2016",17.0,2.1,9.6,0.2,0.7,,
"Fri 17th Jun 2016",15.8,4.6,10.2,0.6,0.6,,
"Sat 18th Jun 2016",14.2,9.7,12.0,0.0,0.9,,
"Sun 19th Jun 2016",17.0,5.4,11.2,0.2,0.9,,
"Mon 20th Jun 2016",16.7,7.5,12.1,0.4,0.6,,
"Tue 21st Jun 2016",17.9,13.2,15.5,4.0,0.8,,
"Wed 22nd Jun 2016",17.8,14.6,16.2,30.4,0.5,,
"Thu 23rd Jun 2016",17.6,12.7,15.2,6.4,1.2,,
"Fri 24th Jun 2016",16.9,6.5,11.7,4.4,0.9,,
"Sat 25th Jun 2016",15.8,12.0,13.9,7.6,0.6,,
"Sun 26th Jun 2016",16.5,9.1,12.8,16.4,1.0,,
"Mon 27th Jun 2016",16.8,11.2,14.0,4.2,1.2,,
"Tue 28th Jun 2016",16.5,10.5,13.5,7.8,0.7,,
"Wed 29th Jun 2016",15.5,9.8,12.7,35.6,0.5,,
"Thu 30th Jun 2016",15.5,2.1,8.8,1.2,0.7,,
"Fri 1st Jul 2016",12.8,-2.5,5.2,0.0,0.7,,
"Sat 2nd Jul 2016",13.4,-3.1,5.2,0.2,0.6,,
"Sun 3rd Jul 2016",14.1,0.6,7.3,0.2,0.5,,
"Mon 4th Jul 2016",16.9,2.4,9.6,0.0,0.6,,
"Tue 5th Jul 2016",15.8,4.0,9.9,0.4,0.6,,
"Wed 6th Jul 2016",16.1,8.4,12.2,0.0,0.6,,
"Thu 7th Jul 2016",15.1,12.2,13.6,34.8,0.7,,
"Fri 8th Jul 2016",15.9,10.6,13.2,0.4,0.9,,
"Sat 9th Jul 2016",13.9,8.1,11.0,0.0,1.4,,
"Sun 10th Jul 2016",14.2,6.9,10.6,0.0,1.2,,
"Mon 11th Jul 2016",14.3,1.5,7.9,0.0,1.0,,
"Tue 12th Jul 2016",15.0,0.6,7.8,0.0,0.7,,
"Wed 13th Jul 2016",15.1,4.2,9.7,16.4,0.9,,
"Thu 14th Jul 2016",15.5,9.3,12.4,2.8,1.7,,
"Fri 15th Jul 2016",16.4,9.6,13.0,6.8,1.8,,
"Sat 16th Jul 2016",14.6,10.8,12.7,2.0,1.8,,
"Sun 17th Jul 2016",15.3,9.6,12.5,11.2,1.6,,
"Mon 18th Jul 2016",14.9,11.0,12.9,0.4,1.6,,
"Tue 19th Jul 2016",15.0,11.2,13.1,7.0,1.9,,
"Wed 20th Jul 2016",14.6,11.3,12.9,2.2,1.5,,
"Thu 21st Jul 2016",15.3,8.4,11.8,0.0,1.2,,
"Fri 22nd Jul 2016",15.2,9.6,12.4,12.2,1.0,,
"Sat 23rd Jul 2016",18.6,14.6,16.6,18.2,0.9,,
"Sun 24th Jul 2016",16.7,11.4,14.1,1.2,2.0,,
"Mon 25th Jul 2016",15.9,7.5,11.7,17.2,1.4,,
"Tue 26th Jul 2016",16.2,3.8,10.0,0.2,0.9,,
"Wed 27th Jul 2016",17.0,9.2,13.1,0.0,1.0,,
"Thu 28th Jul 2016",16.3,10.9,13.6,9.6,1.6,,
"Fri 29th Jul 2016",15.9,8.7,12.3,3.2,1.8,,
"Sat 30th Jul 2016",16.5,10.1,13.3,3.2,1.8,,
"Sun 31st Jul 2016",13.5,7.2,10.4,5.0,1.5,,
"Mon 1st Aug 2016",14.7,8.7,11.7,17.2,1.2,,
"Tue 2nd Aug 2016",15.0,7.1,11.1,0.6,1.2,,
"Wed 3rd Aug 2016",16.7,12.1,14.4,15.8,1.1,,
"Thu 4th Aug 2016",13.5,8.3,10.9,6.2,0.7,,
"Fri 5th Aug 2016",14.0,8.0,11.0,3.0,1.3,,
"Sat 6th Aug 2016",10.9,7.2,9.0,7.6,1.2,,
"Sun 7th Aug 2016",11.3,2.1,6.7,1.8,1.2,,
"Mon 8th Aug 2016",12.0,-0.4,5.8,0.0,0.8,,
"Tue 9th Aug 2016",13.0,6.9,10.0,18.6,1.2,,
"Wed 10th Aug 2016",11.6,8.1,9.8,2.4,1.0,,
"Thu 11th Aug 2016",15.6,3.0,9.3,0.2,1.2,,
"Fri 12th Aug 2016",16.3,9.6,13.0,2.2,1.1,,
"Sat 13th Aug 2016",15.3,1.9,8.6,0.0,1.1,,
"Sun 14th Aug 2016",14.4,7.7,11.0,0.0,1.2,,
"Mon 15th Aug 2016",16.2,-0.2,8.0,0.0,1.2,,
"Tue 16th Aug 2016",17.5,0.7,9.1,0.0,1.4,,
"Wed 17th Aug 2016",16.8,0.4,8.6,0.0,1.4,,
"Thu 18th Aug 2016",15.9,1.0,8.4,0.0,1.3,,
"Fri 19th Aug 2016",16.2,2.2,9.2,0.0,1.2,,
"Sat 20th Aug 2016",16.2,3.3,9.7,0.0,1.5,,
"Sun 21st Aug 2016",15.2,3.6,9.4,0.2,1.2,,
"Mon 22nd Aug 2016",17.1,4.1,10.6,2.6,1.3,,
"Tue 23rd Aug 2016",16.3,5.4,10.8,0.0,1.5,,
"Wed 24th Aug 2016",15.4,7.1,11.3,43.6,0.7,,
"Thu 25th Aug 2016",18.6,13.8,16.2,19.8,0.8,,
"Fri 26th Aug 2016",19.4,11.6,15.5,2.4,2.4,,
"Sat 27th Aug 2016",15.7,5.9,10.8,0.0,2.0,,
"Sun 28th Aug 2016",16.8,6.4,11.6,0.0,1.8,,
"Mon 29th Aug 2016",14.7,10.6,12.7,3.6,1.3,,
"Tue 30th Aug 2016",16.3,2.7,9.5,0.0,1.6,,
"Wed 31st Aug 2016",17.4,3.6,10.5,0.0,1.8,,
"Thu 1st Sep 2016",15.6,8.8,12.2,1.4,1.5,,
"Fri 2nd Sep 2016",17.8,12.9,15.4,0.0,2.0,,
"Sat 3rd Sep 2016",17.6,14.0,15.8,1.0,1.3,,
"Sun 4th Sep 2016",20.9,13.6,17.2,13.4,2.1,,
"Mon 5th Sep 2016",16.5,11.9,14.2,2.0,2.0,,
"Tue 6th Sep 2016",15.9,5.6,10.8,0.0,1.8,,
"Wed 7th Sep 2016",15.8,8.4,12.1,0.8,2.5,,
"Thu 8th Sep 2016",11.6,6.4,9.0,0.2,2.0,,
"Fri 9th Sep 2016",12.7,5.4,9.1,0.0,2.4,,
"Sat 10th Sep 2016",14.8,0.5,7.7,0.0,2.2,,
"Sun 11th Sep 2016",17.3,0.9,9.1,0.0,2.2,,
"Mon 12th Sep 2016",16.5,3.8,10.2,0.0,1.8,,
"Tue 13th Sep 2016",16.9,6.0,11.5,0.0,2.2,,
"Wed 14th Sep 2016",18.2,0.0,9.1,4.2,1.9,,
"Thu 15th Sep 2016",17.2,12.9,15.1,17.6,0.9,,
"Fri 16th Sep 2016",21.1,12.9,17.0,0.0,1.9,,
"Sat 17th Sep 2016",17.3,12.4,14.8,15.2,1.0,,
"Sun 18th Sep 2016",16.1,12.6,14.3,0.4,1.3,,
"Mon 19th Sep 2016",16.0,7.7,11.8,0.0,1.8,,
"Tue 20th Sep 2016",15.5,12.2,13.8,30.0,1.6,,
"Wed 21st Sep 2016",15.6,10.7,13.2,1.6,1.2,,
"Thu 22nd Sep 2016",17.8,13.6,15.7,4.4,1.7,,
"Fri 23rd Sep 2016",18.5,12.0,15.3,0.2,1.8,,
"Sat 24th Sep 2016",15.1,13.9,14.5,25.8,0.8,,
"Sun 25th Sep 2016",16.0,12.4,14.2,16.6,1.0,,
"Mon 26th Sep 2016",18.6,13.0,15.8,0.4,2.2,,
"Tue 27th Sep 2016",19.6,12.2,15.9,2.0,2.5,,
"Wed 28th Sep 2016",15.7,10.3,13.0,20.8,1.0,,
"Thu 29th Sep 2016",19.9,10.2,15.1,0.2,2.7,,
"Fri 30th Sep 2016",19.3,13.3,16.3,9.6,2.5,,
"Sat 1st Oct 2016",18.0,13.9,15.9,9.6,1.6,,
"Sun 2nd Oct 2016",20.5,10.3,15.4,7.0,1.8,,
"Mon 3rd Oct 2016",18.4,9.5,14.0,1.8,2.2,,
"Tue 4th Oct 2016",18.3,12.5,15.4,17.2,2.3,,
"Wed 5th Oct 2016",18.0,13.6,15.8,1.2,2.7,,
"Thu 6th Oct 2016",16.7,9.3,13.0,17.6,2.4,,
"Fri 7th Oct 2016",15.9,10.1,13.0,3.0,2.2,,
"Sat 8th Oct 2016",17.2,13.5,15.3,0.0,3.0,,
"Sun 9th Oct 2016",17.3,10.2,13.7,3.8,1.6,,
"Mon 10th Oct 2016",17.6,11.7,14.7,8.0,1.7,,
"Tue 11th Oct 2016",21.0,14.0,17.5,1.2,2.9,,
"Wed 12th Oct 2016",19.2,6.3,12.8,0.2,2.1,,
"Thu 13th Oct 2016",17.3,4.3,10.8,0.0,3.2,,
"Fri 14th Oct 2016",18.0,8.0,13.0,6.6,2.2,,
"Sat 15th Oct 2016",15.5,8.6,12.1,4.2,2.5,,
"Sun 16th Oct 2016",16.9,13.1,15.0,0.0,2.9,,
"Mon 17th Oct 2016",18.2,7.8,13.0,0.0,3.0,,
"Tue 18th Oct 2016",18.3,8.9,13.6,0.0,3.2,,
"Wed 19th Oct 2016",20.1,14.7,17.4,0.0,3.0,,
"Thu 20th Oct 2016",20.9,10.3,15.6,1.0,2.7,,
"Fri 21st Oct 2016",16.9,8.3,12.6,5.0,3.3,,
"Sat 22nd Oct 2016",17.1,5.8,11.4,0.0,3.3,,
"Sun 23rd Oct 2016",20.4,8.3,14.3,0.0,3.7,,
"Mon 24th Oct 2016",19.3,13.4,16.4,2.6,2.5,,
"Tue 25th Oct 2016",19.7,10.9,15.3,3.2,2.0,,
"Wed 26th Oct 2016",18.3,12.8,15.6,1.0,2.9,,
"Thu 27th Oct 2016",18.1,8.7,13.4,0.0,3.3,,
"Fri 28th Oct 2016",19.1,12.9,16.0,1.2,3.4,,
"Sat 29th Oct 2016",17.1,6.6,11.9,0.0,3.6,,
"Sun 30th Oct 2016",16.6,3.0,9.8,0.0,3.3,,
"Mon 31st Oct 2016",17.1,1.9,9.5,5.4,2.4,,
"Tue 1st Nov 2016",19.7,12.9,16.3,0.2,3.9,,
"Wed 2nd Nov 2016",17.9,8.2,13.1,0.4,2.9,,
"Thu 3rd Nov 2016",17.8,11.6,14.7,0.4,3.9,,
"Fri 4th Nov 2016",17.0,9.8,13.4,2.6,3.3,,
"Sat 5th Nov 2016",19.7,14.3,17.0,0.0,3.4,,
"Sun 6th Nov 2016",24.0,14.0,19.0,15.2,4.0,,
"Mon 7th Nov 2016",19.1,12.1,15.6,5.8,3.0,,
"Tue 8th Nov 2016",18.5,14.0,16.2,0.0,3.6,,
"Wed 9th Nov 2016",19.7,15.4,17.5,0.0,3.9,,
"Thu 10th Nov 2016",20.6,14.1,17.3,0.0,3.6,,
"Fri 11th Nov 2016",24.7,14.5,19.6,4.4,3.6,,
"Sat 12th Nov 2016",17.4,12.7,15.0,0.4,3.1,,
"Sun 13th Nov 2016",18.9,8.2,13.5,0.0,3.5,,
"Mon 14th Nov 2016",21.7,16.5,19.1,0.4,3.4,,
"Tue 15th Nov 2016",21.2,15.1,18.1,14.0,1.5,,
"Wed 16th Nov 2016",18.6,11.4,15.0,14.6,3.7,,
"Thu 17th Nov 2016",17.0,6.3,11.7,13.0,3.3,,
"Fri 18th Nov 2016",18.3,13.7,16.0,0.0,4.1,,
"Sat 19th Nov 2016",17.2,14.0,15.6,1.0,1.6,,
"Sun 20th Nov 2016",18.4,11.3,14.8,0.0,4.0,,
"Mon 21st Nov 2016",18.6,8.2,13.4,0.0,3.8,,
"Tue 22nd Nov 2016",19.9,7.0,13.4,0.0,4.0,,
"Wed 23rd Nov 2016",21.0,7.3,14.2,0.0,4.2,,
"Thu 24th Nov 2016",23.8,13.6,18.7,0.0,4.6,,
"Fri 25th Nov 2016",20.9,11.1,16.0,9.2,1.8,,
"Sat 26th Nov 2016",20.9,14.2,17.5,0.0,3.9,,
"Sun 27th Nov 2016",19.9,12.7,16.3,2.8,3.5,,
"Mon 28th Nov 2016",17.4,12.5,15.0,0.0,3.9,,
"Tue 29th Nov 2016",19.0,14.3,16.7,0.0,3.4,,
"Wed 30th Nov 2016",20.6,7.3,14.0,0.0,3.2,,
"Thu 1st Dec 2016",21.5,10.4,16.0,0.0,4.0,,
"Fri 2nd Dec 2016",21.5,12.6,17.1,0.0,3.8,,
"Sat 3rd Dec 2016",20.9,7.7,14.3,0.0,3.4,,
"Sun 4th Dec 2016",21.1,11.9,16.5,0.0,4.6,,
"Mon 5th Dec 2016",22.7,12.0,17.3,1.6,3.7,,
"Tue 6th Dec 2016",24.3,9.5,16.9,0.0,4.2,,
"Wed 7th Dec 2016",22.5,15.1,18.8,7.2,3.0,,
"Thu 8th Dec 2016",21.0,15.0,18.0,1.4,1.9,,
"Fri 9th Dec 2016",24.9,15.2,20.0,0.0,3.8,,
"Sat 10th Dec 2016",22.2,11.9,17.0,4.8,2.2,,
"Sun 11th Dec 2016",18.3,12.4,15.3,3.6,4.1,,
"Mon 12th Dec 2016",19.1,12.7,15.9,0.0,4.1,,
"Tue 13th Dec 2016",19.1,11.7,15.4,0.0,4.3,,
"Wed 14th Dec 2016",19.6,15.3,17.4,0.0,2.8,,
"Thu 15th Dec 2016",22.3,14.4,18.3,1.2,3.5,,
"Fri 16th Dec 2016",19.5,10.8,15.1,0.0,4.8,,
"Sat 17th Dec 2016",20.9,7.0,13.9,0.0,4.4,,
"Sun 18th Dec 2016",23.4,10.4,16.9,0.2,4.2,,
"Mon 19th Dec 2016",23.4,6.9,15.1,0.6,2.9,,
"Tue 20th Dec 2016",21.4,7.6,14.5,0.0,4.7,,
"Wed 21st Dec 2016",24.7,11.8,18.3,0.0,5.0,,
"Thu 22nd Dec 2016",24.8,13.6,19.2,10.0,4.1,,
"Fri 23rd Dec 2016",19.0,10.8,14.9,2.8,4.3,,
"Sat 24th Dec 2016",19.2,14.0,16.6,0.2,4.1,,
"Sun 25th Dec 2016",20.4,14.3,17.4,0.0,3.4,,
"Mon 26th Dec 2016",20.7,8.7,14.7,0.0,3.7,,
"Tue 27th Dec 2016",19.5,14.6,17.0,0.0,2.9,,
"Wed 28th Dec 2016",20.3,12.1,16.2,0.2,2.7,,
"Thu 29th Dec 2016",18.1,7.4,12.8,0.0,2.6,,
"Fri 30th Dec 2016",22.1,9.2,15.7,0.0,4.3,,
"Sat 31st Dec 2016",23.7,9.9,16.8,0.0,3.2,,
"Sun 1st Jan 2017",23.6,13.9,18.7,0.0,4.0,,
"Mon 2nd Jan 2017",-,18.5,-,6.6,-,,Some
"Tue 3rd Jan 2017",24.5,15.6,20.1,1.2,3.1,,
"Wed 4th Jan 2017",20.1,12.2,16.1,0.0,4.0,,
"Thu 5th Jan 2017",20.3,5.3,12.8,0.0,4.6,,
"Fri 6th Jan 2017",20.6,9.1,14.8,0.0,4.4,,
"Sat 7th Jan 2017",21.3,15.2,18.3,0.0,5.0,,
"Sun 8th Jan 2017",20.3,15.0,17.7,0.0,4.2,,
"Mon 9th Jan 2017",22.0,12.0,17.0,0.0,3.5,,
"Tue 10th Jan 2017",21.4,17.9,19.6,1.6,2.0,,
"Wed 11th Jan 2017",23.3,13.4,18.3,0.0,3.3,,
"Thu 12th Jan 2017",24.5,17.6,21.1,0.0,4.9,,
"Fri 13th Jan 2017",23.7,9.1,16.4,0.2,4.0,,
"Sat 14th Jan 2017",25.1,18.8,22.0,0.0,5.3,,
"Sun 15th Jan 2017",26.5,11.8,19.2,0.6,2.8,,
"Mon 16th Jan 2017",21.6,11.7,16.7,0.0,4.8,,
"Tue 17th Jan 2017",22.5,12.4,17.4,0.0,4.9,,
"Wed 18th Jan 2017",23.8,15.3,19.5,0.0,4.2,,
"Thu 19th Jan 2017",20.7,12.4,16.6,6.6,3.4,,
"Fri 20th Jan 2017",20.9,6.0,13.5,0.0,4.3,,
"Sat 21st Jan 2017",23.7,16.2,20.0,24.0,4.3,,
"Sun 22nd Jan 2017",21.4,14.1,17.7,0.2,4.2,,
"Mon 23rd Jan 2017",20.6,13.4,17.0,0.0,4.2,,
"Tue 24th Jan 2017",22.1,12.3,17.2,0.0,4.3,,
"Wed 25th Jan 2017",22.4,11.8,17.1,3.4,2.7,,
"Thu 26th Jan 2017",20.9,9.7,15.3,0.0,4.0,,
"Fri 27th Jan 2017",22.0,11.8,16.9,0.0,4.6,,
"Sat 28th Jan 2017",23.5,8.8,16.1,0.0,4.6,,
"Sun 29th Jan 2017",24.9,8.8,16.8,0.0,4.4,,
"Mon 30th Jan 2017",23.9,12.9,18.4,0.0,4.6,,
"Tue 31st Jan 2017",25.8,12.0,18.9,0.0,4.2,,
"Wed 1st Feb 2017",23.7,14.1,18.9,0.0,3.5,,
"Thu 2nd Feb 2017",24.9,18.0,21.5,3.0,3.7,,
"Fri 3rd Feb 2017",24.3,7.4,15.9,0.6,3.6,,
"Sat 4th Feb 2017",22.6,10.1,16.4,0.0,4.6,,
"Sun 5th Feb 2017",24.9,8.9,16.9,0.0,4.6,,
"Mon 6th Feb 2017",26.9,16.5,21.7,0.0,5.3,,
"Tue 7th Feb 2017",27.2,17.9,22.5,0.0,4.4,,
"Wed 8th Feb 2017",23.6,13.9,18.7,1.0,2.7,,
"Thu 9th Feb 2017",23.0,9.6,16.3,0.2,3.3,,
"Fri 10th Feb 2017",24.0,7.9,15.9,0.0,2.7,,
"Sat 11th Feb 2017",22.0,8.0,15.0,0.0,4.3,,
"Sun 12th Feb 2017",24.1,18.9,21.5,1.6,2.8,,
"Mon 13th Feb 2017",27.0,17.3,22.2,2.4,3.2,,
"Tue 14th Feb 2017",20.8,15.5,18.2,5.2,1.2,,
"Wed 15th Feb 2017",23.7,14.0,18.8,11.8,2.6,,
"Thu 16th Feb 2017",20.3,14.9,17.6,51.2,1.0,,
"Fri 17th Feb 2017",23.6,17.9,20.7,1.6,2.4,,
"Sat 18th Feb 2017",26.0,19.0,22.5,2.0,2.8,,
"Sun 19th Feb 2017",24.9,16.9,20.9,7.0,2.9,,
"Mon 20th Feb 2017",24.9,13.2,19.0,0.0,4.0,,
"Tue 21st Feb 2017",25.0,12.2,18.6,0.0,4.1,,
"Wed 22nd Feb 2017",24.5,10.3,17.4,0.0,3.2,,
"Thu 23rd Feb 2017",25.9,14.5,20.2,0.0,3.4,,
"Fri 24th Feb 2017",24.8,12.7,18.7,0.0,2.7,,
"Sat 25th Feb 2017",24.3,10.3,17.3,0.0,3.5,,
"Sun 26th Feb 2017",25.6,10.5,18.0,0.0,3.3,,
"Mon 27th Feb 2017",26.4,12.3,19.4,0.0,4.0,,
"Tue 28th Feb 2017",25.5,11.6,18.6,0.0,3.6,,
"Wed 1st Mar 2017",24.3,12.6,18.5,3.6,2.2,,
"Thu 2nd Mar 2017",23.4,9.4,16.4,0.0,3.3,,
"Fri 3rd Mar 2017",22.2,10.4,16.3,0.0,3.6,,
"Sat 4th Mar 2017",23.7,17.5,20.6,0.6,3.5,,
"Sun 5th Mar 2017",22.2,10.3,16.3,0.0,2.9,,
"Mon 6th Mar 2017",23.1,12.2,17.6,0.0,3.6,,
"Tue 7th Mar 2017",22.9,15.3,19.1,26.4,1.6,,
"Wed 8th Mar 2017",20.8,15.5,18.1,7.2,2.0,,
"Thu 9th Mar 2017",22.1,19.2,20.6,0.0,2.0,,
"Fri 10th Mar 2017",21.9,18.2,20.1,94.0,1.2,,
"Sat 11th Mar 2017",25.3,17.6,21.4,1.6,2.2,,
"Sun 12th Mar 2017",22.3,17.9,20.1,35.0,1.4,,
"Mon 13th Mar 2017",21.6,12.8,17.2,0.2,2.9,,
"Tue 14th Mar 2017",20.5,9.9,15.2,0.2,2.5,,
"Wed 15th Mar 2017",22.4,7.6,15.0,0.0,3.3,,
"Thu 16th Mar 2017",23.4,8.4,15.9,0.0,3.2,,
"Fri 17th Mar 2017",23.5,12.8,18.1,0.0,2.6,,
"Sat 18th Mar 2017",22.7,9.9,16.3,0.0,2.6,,
"Sun 19th Mar 2017",24.4,8.5,16.4,0.0,3.1,,
"Mon 20th Mar 2017",22.1,16.0,19.1,0.0,2.8,,
"Tue 21st Mar 2017",21.1,17.5,19.3,0.0,2.3,,
"Wed 22nd Mar 2017",22.6,18.2,20.4,0.0,2.6,,
"Thu 23rd Mar 2017",23.4,11.9,17.6,0.0,2.3,,
"Fri 24th Mar 2017",23.5,14.8,19.2,0.0,2.0,,
"Sat 25th Mar 2017",23.9,18.0,21.0,5.8,2.2,,
"Sun 26th Mar 2017",21.9,17.5,19.7,10.2,1.5,,
"Mon 27th Mar 2017",25.5,14.1,19.8,0.0,2.5,,
"Tue 28th Mar 2017",25.4,16.9,21.2,16.8,2.7,,
"Wed 29th Mar 2017",20.7,15.6,18.2,0.8,1.2,,
"Thu 30th Mar 2017",22.4,13.0,17.7,0.0,2.1,,
"Fri 31st Mar 2017",24.0,10.2,17.1,0.0,1.9,,
"Sat 1st Apr 2017",25.2,14.9,20.0,0.0,2.6,,
"Sun 2nd Apr 2017",25.5,18.0,21.7,3.2,1.7,,
"Mon 3rd Apr 2017",26.9,19.2,23.0,3.8,2.6,,
"Tue 4th Apr 2017",23.7,16.9,20.3,98.2,1.1,,
"Wed 5th Apr 2017",24.4,14.7,19.6,8.6,1.6,,
"Thu 6th Apr 2017",20.6,13.9,17.3,4.2,2.5,,
"Fri 7th Apr 2017",20.4,7.3,13.9,0.4,2.0,,
"Sat 8th Apr 2017",21.0,9.4,15.2,0.0,2.2,,
"Sun 9th Apr 2017",19.7,13.6,16.6,0.0,1.9,,
"Mon 10th Apr 2017",22.4,14.0,18.2,0.0,2.4,,
"Tue 11th Apr 2017",22.9,19.1,21.0,23.6,1.9,,
"Wed 12th Apr 2017",21.3,17.7,19.5,69.0,0.8,,
"Thu 13th Apr 2017",19.6,15.2,17.4,4.4,1.0,,
"Fri 14th Apr 2017",22.8,14.9,18.9,8.6,2.0,,
"Sat 15th Apr 2017",20.4,9.8,15.1,0.6,1.8,,
"Sun 16th Apr 2017",21.4,12.8,17.1,6.2,1.8,,
"Mon 17th Apr 2017",19.3,8.7,14.0,0.4,1.8,,
"Tue 18th Apr 2017",22.4,6.6,14.5,0.2,1.7,,
"Wed 19th Apr 2017",19.8,7.9,13.8,1.4,1.8,,
"Thu 20th Apr 2017",19.2,5.7,12.5,0.2,1.5,,
"Fri 21st Apr 2017",18.2,12.3,15.3,0.0,1.3,,
"Sat 22nd Apr 2017",20.5,7.8,14.2,0.0,1.3,,
"Sun 23rd Apr 2017",20.4,12.5,16.4,0.0,1.6,,
"Mon 24th Apr 2017",20.1,5.4,12.8,0.0,1.7,,
"Tue 25th Apr 2017",22.5,4.8,13.7,0.0,1.6,,
"Wed 26th Apr 2017",22.2,6.2,14.2,0.0,1.6,,
"Thu 27th Apr 2017",22.3,7.1,14.7,0.0,1.4,,
"Fri 28th Apr 2017",23.7,13.3,18.5,1.4,1.6,,
"Sat 29th Apr 2017",18.8,16.0,17.4,19.0,0.7,,
"Sun 30th Apr 2017",18.2,11.8,15.0,4.8,1.7,,
"Mon 1st May 2017",16.8,1.3,9.0,0.0,1.6,,
"Tue 2nd May 2017",17.5,0.7,9.1,0.0,1.2,,
"Wed 3rd May 2017",17.7,8.8,13.3,6.6,1.2,,
"Thu 4th May 2017",17.1,11.9,14.5,1.0,2.2,,
"Fri 5th May 2017",18.7,3.5,11.1,0.0,1.3,,
"Sat 6th May 2017",19.5,4.8,12.1,0.0,1.1,,
"Sun 7th May 2017",20.2,6.1,13.2,0.0,1.1,,
"Mon 8th May 2017",20.7,5.7,13.2,0.0,1.0,,
"Tue 9th May 2017",22.0,10.7,16.3,0.0,1.2,,
"Wed 10th May 2017",20.3,14.7,17.5,1.0,1.2,,
"Thu 11th May 2017",20.0,15.2,17.6,57.8,0.8,,
"Fri 12th May 2017",16.5,8.3,12.4,4.8,0.9,,
"Sat 13th May 2017",16.3,1.1,8.7,0.0,1.2,,
"Sun 14th May 2017",17.0,7.9,12.4,0.4,1.1,,
"Mon 15th May 2017",17.6,8.0,12.8,0.0,0.9,,
"Tue 16th May 2017",17.8,11.8,14.8,38.2,1.3,,
"Wed 17th May 2017",21.8,15.3,18.6,11.6,1.3,,
"Thu 18th May 2017",18.1,13.5,15.8,0.4,1.9,,
"Fri 19th May 2017",16.2,12.7,14.4,0.2,1.8,,
"Sat 20th May 2017",16.4,8.5,12.4,7.4,1.9,,
"Sun 21st May 2017",14.5,-1.3,6.6,0.0,0.9,,
"Mon 22nd May 2017",15.0,-1.8,6.6,0.0,0.7,,
"Tue 23rd May 2017",16.0,4.0,10.0,0.6,0.8,,
"Wed 24th May 2017",18.8,4.4,11.6,1.4,0.9,,
"Thu 25th May 2017",18.5,4.6,11.6,0.0,0.8,,
"Fri 26th May 2017",18.5,13.5,16.0,1.8,0.9,,
"Sat 27th May 2017",18.7,11.1,14.9,2.0,0.8,,
"Sun 28th May 2017",19.1,9.9,14.5,0.4,0.9,,
"Mon 29th May 2017",18.8,6.8,12.8,0.0,0.8,,
"Tue 30th May 2017",17.9,8.0,12.9,2.6,0.7,,
"Wed 31st May 2017",17.3,5.6,11.5,1.4,0.7,,
"Thu 1st Jun 2017",17.2,8.9,13.0,3.8,0.8,,
"Fri 2nd Jun 2017",15.4,11.0,13.2,31.0,0.6,,
"Sat 3rd Jun 2017",15.6,2.7,9.2,0.0,0.7,,
"Sun 4th Jun 2017",16.9,5.7,11.3,1.0,0.7,,
"Mon 5th Jun 2017",16.5,3.1,9.8,0.4,0.6,,
"Tue 6th Jun 2017",15.9,4.0,10.0,8.0,0.6,,
"Wed 7th Jun 2017",15.9,2.3,9.1,4.6,0.6,,
"Thu 8th Jun 2017",15.0,0.1,7.5,0.0,0.7,,
"Fri 9th Jun 2017",16.0,5.4,10.7,0.4,0.8,,
"Sat 10th Jun 2017",16.4,3.9,10.1,0.2,1.1,,
"Sun 11th Jun 2017",18.0,4.8,11.4,0.2,0.8,,
"Mon 12th Jun 2017",16.3,8.7,12.5,4.6,0.7,,
"Tue 13th Jun 2017",16.7,13.0,14.9,3.0,1.2,,
"Wed 14th Jun 2017",14.9,9.1,12.0,0.2,1.7,,
"Thu 15th Jun 2017",14.9,10.7,12.8,0.4,1.1,,
"Fri 16th Jun 2017",16.6,5.6,11.1,2.6,0.7,,
"Sat 17th Jun 2017",17.1,4.4,10.8,0.2,0.5,,
"Sun 18th Jun 2017",16.3,8.7,12.5,1.6,0.6,,
"Mon 19th Jun 2017",17.2,9.4,13.3,0.0,0.7,,
"Tue 20th Jun 2017",17.5,12.2,14.9,0.0,1.0,,
"Wed 21st Jun 2017",15.6,13.7,14.7,16.6,1.2,,
"Thu 22nd Jun 2017",16.5,14.1,15.3,4.6,0.5,,
"Fri 23rd Jun 2017",17.7,11.7,14.7,0.8,0.6,,
"Sat 24th Jun 2017",14.9,8.8,11.8,2.4,1.2,,
"Sun 25th Jun 2017",16.7,5.6,11.1,1.6,0.7,,
"Mon 26th Jun 2017",14.6,1.4,8.0,0.0,0.6,,
"Tue 27th Jun 2017",15.3,-0.4,7.5,0.0,0.5,,
"Wed 28th Jun 2017",15.8,4.9,10.3,0.2,0.6,,
"Thu 29th Jun 2017",17.6,1.4,9.5,0.2,0.6,,
"Fri 30th Jun 2017",16.1,4.6,10.4,0.4,0.8,,
"Sat 1st Jul 2017",15.8,5.1,10.5,22.2,0.6,,
"Sun 2nd Jul 2017",15.7,7.0,11.3,16.8,0.6,,
"Mon 3rd Jul 2017",16.5,3.6,10.0,3.0,0.5,,
"Tue 4th Jul 2017",15.7,7.2,11.5,0.0,0.8,,
"Wed 5th Jul 2017",14.8,9.4,12.1,38.8,0.6,,
"Thu 6th Jul 2017",16.4,10.3,13.3,30.6,0.6,,
"Fri 7th Jul 2017",16.1,5.5,10.8,1.2,0.6,,
"Sat 8th Jul 2017",16.8,7.3,12.1,9.2,0.7,,
"Sun 9th Jul 2017",15.9,8.0,11.9,1.8,0.8,,
"Mon 10th Jul 2017",15.3,4.7,10.0,4.6,0.8,,
"Tue 11th Jul 2017",15.2,5.7,10.4,7.0,0.8,,
"Wed 12th Jul 2017",12.3,-0.4,6.0,2.0,0.9,,
"Thu 13th Jul 2017",10.6,3.4,7.0,11.8,0.8,,
"Fri 14th Jul 2017",11.5,2.0,6.7,1.0,0.8,,
"Sat 15th Jul 2017",14.2,2.2,8.2,0.0,0.8,,
"Sun 16th Jul 2017",15.2,1.1,8.2,0.0,0.8,,
"Mon 17th Jul 2017",15.9,4.7,10.3,0.0,0.7,,
"Tue 18th Jul 2017",18.1,6.2,12.1,0.0,0.7,,
"Wed 19th Jul 2017",16.8,3.8,10.3,2.0,0.7,,
"Thu 20th Jul 2017",17.0,11.0,14.0,40.2,0.9,,
"Fri 21st Jul 2017",14.7,9.1,11.9,41.0,0.8,,
"Sat 22nd Jul 2017",14.4,7.1,10.8,3.2,0.8,,
"Sun 23rd Jul 2017",15.2,9.5,12.4,3.4,0.8,,
"Mon 24th Jul 2017",15.0,7.3,11.2,11.2,1.1,,
"Tue 25th Jul 2017",15.9,7.0,11.5,0.6,1.1,,
"Wed 26th Jul 2017",15.1,3.4,9.3,0.2,1.1,,
"Thu 27th Jul 2017",14.7,9.0,11.8,19.4,0.8,,
"Fri 28th Jul 2017",14.6,-0.6,7.0,0.2,0.8,,
"Sat 29th Jul 2017",11.1,-2.8,4.2,0.0,1.0,,
"Sun 30th Jul 2017",15.4,-1.7,6.9,0.0,0.8,,
"Mon 31st Jul 2017",13.8,3.0,8.4,0.0,0.9,,
"Tue 1st Aug 2017",16.4,7.3,11.8,7.6,0.9,,
"Wed 2nd Aug 2017",15.5,10.1,12.8,6.2,0.9,,
"Thu 3rd Aug 2017",13.9,2.0,7.9,0.0,0.9,,
"Fri 4th Aug 2017",13.9,0.8,7.4,0.0,1.0,,
"Sat 5th Aug 2017",15.0,3.6,9.3,0.0,1.1,,
"Sun 6th Aug 2017",16.9,12.3,14.6,7.4,1.1,,
"Mon 7th Aug 2017",19.1,10.8,14.9,0.0,1.1,,
"Tue 8th Aug 2017",17.6,13.9,15.8,9.0,1.0,,
"Wed 9th Aug 2017",15.9,10.6,13.2,16.6,0.6,,
"Thu 10th Aug 2017",16.2,6.7,11.4,7.2,1.1,,
"Fri 11th Aug 2017",15.6,11.5,13.5,0.6,1.3,,
"Sat 12th Aug 2017",16.9,8.7,12.8,0.0,0.9,,
"Sun 13th Aug 2017",18.1,10.1,14.1,9.0,1.2,,
"Mon 14th Aug 2017",15.7,6.4,11.1,8.8,1.3,,
"Tue 15th Aug 2017",15.0,6.3,10.6,0.2,1.5,,
"Wed 16th Aug 2017",16.0,6.2,11.1,0.0,1.2,,
"Thu 17th Aug 2017",18.1,8.5,13.3,2.2,1.0,,
"Fri 18th Aug 2017",16.5,9.1,12.8,1.4,1.1,,
"Sat 19th Aug 2017",17.0,9.9,13.4,12.0,1.2,,
"Sun 20th Aug 2017",16.1,9.5,12.8,1.2,1.6,,
"Mon 21st Aug 2017",16.8,3.8,10.3,0.0,1.6,,
"Tue 22nd Aug 2017",15.8,-0.4,7.7,0.0,1.3,,
"Wed 23rd Aug 2017",15.7,2.5,9.1,0.0,1.2,,
"Thu 24th Aug 2017",16.5,2.1,9.3,0.0,1.4,,
"Fri 25th Aug 2017",16.9,3.0,9.9,0.0,1.7,,
"Sat 26th Aug 2017",17.7,10.3,14.0,0.6,1.7,,
"Sun 27th Aug 2017",16.3,12.2,14.2,17.0,1.1,,
"Mon 28th Aug 2017",19.9,9.2,14.5,5.0,1.3,,
"Tue 29th Aug 2017",17.7,5.8,11.8,16.0,1.8,,
"Wed 30th Aug 2017",17.6,11.1,14.4,13.2,1.2,,
"Thu 31st Aug 2017",16.9,6.6,11.8,0.0,1.6,,
"Fri 1st Sep 2017",16.0,11.2,13.6,36.6,1.1,,
"Sat 2nd Sep 2017",16.5,10.2,13.3,2.0,1.5,,
"Sun 3rd Sep 2017",16.6,4.1,10.4,0.0,1.7,,
"Mon 4th Sep 2017",15.8,7.5,11.6,0.4,1.9,,
"Tue 5th Sep 2017",17.6,13.1,15.3,9.2,1.9,,
"Wed 6th Sep 2017",16.6,12.0,14.3,2.2,1.1,,
"Thu 7th Sep 2017",16.8,10.0,13.4,5.4,2.2,,
"Fri 8th Sep 2017",16.2,11.4,13.8,3.6,2.0,,
"Sat 9th Sep 2017",14.5,6.5,10.5,11.4,1.6,,
"Sun 10th Sep 2017",13.2,5.7,9.5,6.4,2.1,,
"Mon 11th Sep 2017",13.0,8.6,10.8,3.2,1.9,,
"Tue 12th Sep 2017",14.5,9.5,12.0,1.4,2.1,,
"Wed 13th Sep 2017",16.8,12.7,14.8,0.0,2.3,,
"Thu 14th Sep 2017",18.2,10.9,14.5,0.0,1.6,,
"Fri 15th Sep 2017",21.9,11.7,16.8,8.6,2.9,,
"Sat 16th Sep 2017",16.6,7.0,11.8,1.4,2.1,,
"Sun 17th Sep 2017",18.6,9.0,13.8,11.4,2.5,,
"Mon 18th Sep 2017",13.7,8.4,11.1,6.4,1.8,,
"Tue 19th Sep 2017",15.6,3.4,9.5,0.2,2.2,,
"Wed 20th Sep 2017",17.6,9.4,13.5,2.0,2.5,,
"Thu 21st Sep 2017",16.6,7.3,11.9,2.2,1.9,,
"Fri 22nd Sep 2017",15.5,10.9,13.2,0.4,2.0,,
"Sat 23rd Sep 2017",17.0,11.7,14.3,0.0,2.5,,
"Sun 24th Sep 2017",17.6,11.0,14.3,0.0,2.1,,
"Mon 25th Sep 2017",18.3,13.5,15.9,0.0,2.0,,
"Tue 26th Sep 2017",19.5,12.1,15.8,10.4,1.6,,
"Wed 27th Sep 2017",18.3,6.0,12.2,0.0,2.2,,
"Thu 28th Sep 2017",17.1,7.0,12.1,0.2,2.3,,
"Fri 29th Sep 2017",17.8,7.3,12.6,0.0,2.1,,
"Sat 30th Sep 2017",17.2,9.3,13.2,1.4,2.2,,
"Sun 1st Oct 2017",15.6,9.6,12.6,13.4,1.8,,
"Mon 2nd Oct 2017",16.5,11.2,13.8,0.8,2.4,,
"Tue 3rd Oct 2017",16.0,11.8,13.9,0.0,2.0,,
"Wed 4th Oct 2017",16.3,11.7,14.0,0.0,2.5,,
"Thu 5th Oct 2017",17.4,8.9,13.2,0.0,1.7,,
"Fri 6th Oct 2017",19.4,10.6,15.0,0.0,2.4,,
"Sat 7th Oct 2017",18.6,13.1,15.9,14.8,1.9,,
"Sun 8th Oct 2017",20.5,12.5,16.5,3.4,2.3,,
"Mon 9th Oct 2017",19.4,11.4,15.4,34.8,2.0,,
"Tue 10th Oct 2017",19.2,13.1,16.1,1.2,2.1,,
"Wed 11th Oct 2017",16.4,10.8,13.6,0.4,2.9,,
"Thu 12th Oct 2017",16.5,10.5,13.5,0.0,2.9,,
"Fri 13th Oct 2017",17.5,13.6,15.5,6.6,2.4,,
"Sat 14th Oct 2017",19.5,10.9,15.2,0.0,3.1,,
"Sun 15th Oct 2017",16.0,11.2,13.6,0.0,3.4,,
"Mon 16th Oct 2017",17.1,12.0,14.5,0.0,2.8,,
"Tue 17th Oct 2017",15.8,10.7,13.3,1.2,2.7,,
"Wed 18th Oct 2017",16.1,6.9,11.5,0.0,2.2,,
"Thu 19th Oct 2017",16.9,8.1,12.5,0.0,3.5,,
"Fri 20th Oct 2017",15.8,11.9,13.8,0.0,1.6,,
"Sat 21st Oct 2017",16.2,13.0,14.6,0.0,2.0,,
"Sun 22nd Oct 2017",17.0,12.3,14.7,3.4,1.4,,
"Mon 23rd Oct 2017",18.9,9.5,14.2,3.4,1.6,,
"Tue 24th Oct 2017",17.8,12.3,15.0,0.0,3.2,,
"Wed 25th Oct 2017",16.8,12.8,14.8,0.0,2.6,,
"Thu 26th Oct 2017",17.9,15.0,16.5,0.4,1.9,,
"Fri 27th Oct 2017",18.0,14.9,16.4,17.2,1.4,,
"Sat 28th Oct 2017",18.4,14.5,16.5,11.2,1.1,,
"Sun 29th Oct 2017",20.7,14.8,17.7,4.0,3.3,,
"Mon 30th Oct 2017",19.5,11.8,15.6,0.0,2.7,,
"Tue 31st Oct 2017",20.0,13.8,16.9,0.0,3.6,,
"Wed 1st Nov 2017",19.2,13.6,16.4,1.0,3.3,,
"Thu 2nd Nov 2017",19.9,15.1,17.5,2.0,3.4,,
"Fri 3rd Nov 2017",22.6,16.9,19.8,0.2,2.5,,
"Sat 4th Nov 2017",20.8,12.2,16.5,8.4,1.8,,
"Sun 5th Nov 2017",21.1,11.3,16.2,0.0,3.4,,
"Mon 6th Nov 2017",17.3,3.9,10.6,0.0,3.3,,
"Tue 7th Nov 2017",18.9,13.7,16.3,7.0,3.6,,
"Wed 8th Nov 2017",18.0,8.5,13.2,0.0,2.9,,
"Thu 9th Nov 2017",17.9,8.3,13.1,0.0,3.6,,
"Fri 10th Nov 2017",17.6,10.2,13.9,0.0,2.4,,
"Sat 11th Nov 2017",18.8,6.1,12.4,0.0,2.8,,
"Sun 12th Nov 2017",18.1,6.7,12.4,0.0,4.0,,
"Mon 13th Nov 2017",18.6,8.3,13.5,0.6,2.2,,
"Tue 14th Nov 2017",20.5,6.1,13.3,0.4,3.2,,
"Wed 15th Nov 2017",19.6,6.6,13.1,0.2,3.6,,
"Thu 16th Nov 2017",19.9,10.9,15.4,0.8,4.1,,
"Fri 17th Nov 2017",21.8,13.0,17.4,0.0,3.9,,
"Sat 18th Nov 2017",19.9,11.8,15.9,5.0,3.1,,
"Sun 19th Nov 2017",19.8,9.8,14.8,0.0,3.1,,
"Mon 20th Nov 2017",23.6,8.3,15.9,0.0,4.2,,
"Tue 21st Nov 2017",22.3,9.5,15.9,0.0,4.4,,
"Wed 22nd Nov 2017",22.8,7.9,15.3,0.0,3.8,,
"Thu 23rd Nov 2017",23.0,10.0,16.5,0.0,4.0,,
"Fri 24th Nov 2017",24.0,11.1,17.5,0.0,3.4,,
"Sat 25th Nov 2017",22.0,12.3,17.2,0.0,2.8,,
"Sun 26th Nov 2017",21.7,12.8,17.2,0.0,3.5,,
"Mon 27th Nov 2017",22.7,11.5,17.1,0.0,3.8,,
"Tue 28th Nov 2017",22.2,10.3,16.3,0.0,2.9,,
"Wed 29th Nov 2017",24.5,11.8,18.2,0.0,4.3,,
"Thu 30th Nov 2017",22.6,10.0,16.3,13.4,2.6,,
"Fri 1st Dec 2017",22.7,9.9,16.3,0.0,4.1,,
"Sat 2nd Dec 2017",23.1,8.9,16.0,0.0,4.5,,
"Sun 3rd Dec 2017",25.7,9.6,17.7,0.0,4.1,,
"Mon 4th Dec 2017",26.1,11.8,19.0,0.0,5.0,,
"Tue 5th Dec 2017",25.9,12.4,19.1,0.0,4.0,,
"Wed 6th Dec 2017",25.9,10.8,18.4,0.0,4.9,,
"Thu 7th Dec 2017",24.7,14.0,19.3,0.0,5.0,,
"Fri 8th Dec 2017",25.2,11.1,18.2,0.0,4.5,,
"Sat 9th Dec 2017",25.3,11.8,18.5,0.0,4.2,,
"Sun 10th Dec 2017",25.7,15.8,20.7,0.0,2.9,,
"Mon 11th Dec 2017",25.4,16.6,21.0,0.2,5.4,,
"Tue 12th Dec 2017",24.0,13.2,18.6,0.0,4.8,,
"Wed 13th Dec 2017",23.9,15.3,19.6,3.0,4.9,,
"Thu 14th Dec 2017",25.6,14.6,20.1,0.0,4.8,,
"Fri 15th Dec 2017",24.0,11.3,17.6,0.0,3.7,,
"Sat 16th Dec 2017",24.3,14.4,19.3,0.0,4.4,,
"Sun 17th Dec 2017",26.4,13.5,20.0,0.0,3.9,,
"Mon 18th Dec 2017",24.2,13.7,18.9,3.4,2.6,,
"Tue 19th Dec 2017",22.4,17.6,20.0,2.8,4.7,,
"Wed 20th Dec 2017",21.4,10.5,16.0,0.0,4.2,,
"Thu 21st Dec 2017",22.5,16.9,19.7,0.2,4.8,,
"Fri 22nd Dec 2017",25.3,16.1,20.7,0.2,3.8,,
"Sat 23rd Dec 2017",24.2,16.5,20.3,0.0,4.2,,
"Sun 24th Dec 2017",24.8,11.6,18.2,0.0,4.6,,
"Mon 25th Dec 2017",26.1,17.0,21.6,1.4,3.9,,
"Tue 26th Dec 2017",22.7,14.9,18.8,0.0,3.2,,
"Wed 27th Dec 2017",22.9,6.7,14.8,0.2,4.7,,
"Thu 28th Dec 2017",20.9,14.1,17.5,0.0,5.9,,
"Fri 29th Dec 2017",23.2,11.8,17.5,0.0,5.0,,
"Sat 30th Dec 2017",24.3,8.4,16.4,0.0,5.0,,
"Sun 31st Dec 2017",24.1,15.9,20.0,0.0,4.1,,Some
"Mon 1st Jan 2018",26.9,15.5,21.2,0.4,3.1,,
"Tue 2nd Jan 2018",26.7,16.2,21.4,16.0,4.6,,
"Wed 3rd Jan 2018",26.5,20.1,23.3,3.4,4.0,,
"Thu 4th Jan 2018",21.7,17.8,19.7,51.8,1.5,,
"Fri 5th Jan 2018",21.5,17.7,19.6,15.6,1.6,,
"Sat 6th Jan 2018",22.6,16.5,19.6,0.0,3.0,,
"Sun 7th Jan 2018",22.3,12.6,17.4,0.0,4.2,,
"Mon 8th Jan 2018",23.0,12.0,17.5,0.0,4.9,,
"Tue 9th Jan 2018",24.1,15.6,19.9,0.0,4.8,,
"Wed 10th Jan 2018",24.7,16.8,20.7,0.0,4.8,,
"Thu 11th Jan 2018",24.9,15.3,20.1,0.0,4.6,,
"Fri 12th Jan 2018",30.2,16.4,23.3,0.0,4.8,,
"Sat 13th Jan 2018",26.6,15.4,21.0,0.0,4.5,,
"Sun 14th Jan 2018",26.3,18.9,22.6,0.0,4.5,,
"Mon 15th Jan 2018",25.7,18.5,22.1,1.6,3.9,,
"Tue 16th Jan 2018",24.6,18.2,21.4,0.2,3.5,,
"Wed 17th Jan 2018",23.4,18.9,21.2,30.6,2.7,,
"Thu 18th Jan 2018",23.3,19.2,21.2,13.6,1.2,,
"Fri 19th Jan 2018",27.1,18.3,22.7,0.0,4.1,,
"Sat 20th Jan 2018",26.9,16.1,21.5,0.0,4.1,,
"Sun 21st Jan 2018",27.3,18.3,22.8,17.2,4.0,,
"Mon 22nd Jan 2018",26.2,19.1,22.7,2.8,2.4,,
"Tue 23rd Jan 2018",26.6,15.4,21.0,7.6,3.3,,
"Wed 24th Jan 2018",27.6,16.1,21.9,0.0,4.7,,
"Thu 25th Jan 2018",26.3,19.7,23.0,0.0,4.4,,
"Fri 26th Jan 2018",28.5,15.6,22.0,0.0,3.3,,
"Sat 27th Jan 2018",29.0,16.2,22.6,0.0,4.1,,
"Sun 28th Jan 2018",28.3,18.7,23.5,0.0,5.3,,
"Mon 29th Jan 2018",27.7,16.8,22.3,0.0,4.9,,
"Tue 30th Jan 2018",26.4,18.7,22.5,0.0,4.9,,
"Wed 31st Jan 2018",25.5,20.8,23.1,0.0,3.7,,
"Thu 1st Feb 2018",23.2,15.5,19.3,50.2,1.2,,
"Fri 2nd Feb 2018",23.2,14.6,18.9,5.0,4.0,,
"Sat 3rd Feb 2018",25.2,15.2,20.2,30.8,3.5,,
"Sun 4th Feb 2018",22.1,13.5,17.8,11.8,2.8,,
"Mon 5th Feb 2018",24.6,11.1,17.9,6.0,3.3,,
"Tue 6th Feb 2018",22.9,11.1,17.0,0.0,3.8,,
"Wed 7th Feb 2018",24.7,15.2,19.9,0.2,3.8,,
"Thu 8th Feb 2018",21.5,15.0,18.3,12.8,2.8,,
"Fri 9th Feb 2018",21.5,16.9,19.2,7.0,1.6,,
"Sat 10th Feb 2018",22.4,21.4,21.9,15.6,0.9,,
"Sun 11th Feb 2018",24.7,18.1,21.4,21.4,1.3,,
"Mon 12th Feb 2018",27.7,21.4,24.6,41.6,4.0,,
"Tue 13th Feb 2018",24.3,19.6,21.9,10.0,1.3,,
"Wed 14th Feb 2018",27.5,17.8,22.6,1.2,2.7,,
"Thu 15th Feb 2018",27.0,12.7,19.8,0.0,4.2,,
"Fri 16th Feb 2018",29.6,15.4,22.5,0.0,4.2,,
"Sat 17th Feb 2018",28.9,16.6,22.7,0.0,3.1,,
"Sun 18th Feb 2018",26.4,20.3,23.3,0.0,2.4,,
"Mon 19th Feb 2018",28.6,18.0,23.3,3.0,2.4,,
"Tue 20th Feb 2018",27.8,17.6,22.7,11.4,3.3,,
"Wed 21st Feb 2018",23.0,14.0,18.5,3.8,3.2,,
"Thu 22nd Feb 2018",21.9,12.4,17.1,1.4,3.1,,
"Fri 23rd Feb 2018",22.7,10.2,16.5,0.0,3.9,,
"Sat 24th Feb 2018",23.5,10.0,16.7,0.0,3.6,,
"Sun 25th Feb 2018",24.9,12.4,18.7,0.0,3.7,,
"Mon 26th Feb 2018",24.0,18.2,21.1,0.0,3.7,,
"Tue 27th Feb 2018",25.2,19.2,22.2,0.2,3.5,,
"Wed 28th Feb 2018",22.8,17.7,20.2,2.2,2.6,,
"Thu 1st Mar 2018",23.1,18.6,20.8,4.8,2.0,,
"Fri 2nd Mar 2018",24.0,18.8,21.4,1.6,2.4,,
"Sat 3rd Mar 2018",24.4,19.4,21.9,0.2,3.4,,
"Sun 4th Mar 2018",25.2,13.1,19.1,0.0,3.0,,
"Mon 5th Mar 2018",28.5,13.5,21.0,0.0,3.8,,
"Tue 6th Mar 2018",27.1,19.1,23.1,6.2,3.0,,
"Wed 7th Mar 2018",24.8,13.4,19.1,4.0,2.7,,
"Thu 8th Mar 2018",23.1,12.1,17.6,6.0,2.2,,
"Fri 9th Mar 2018",25.5,10.5,18.0,4.4,2.9,,
"Sat 10th Mar 2018",24.8,14.3,19.5,0.0,3.1,,
"Sun 11th Mar 2018",21.6,15.8,18.7,0.0,3.3,,
"Mon 12th Mar 2018",19.4,15.2,17.3,15.8,1.4,,
"Tue 13th Mar 2018",22.2,14.7,18.4,3.8,3.2,,
"Wed 14th Mar 2018",21.7,8.8,15.3,0.0,3.0,,
"Thu 15th Mar 2018",21.8,11.9,16.8,0.0,2.1,,
"Fri 16th Mar 2018",22.6,12.1,17.4,0.2,2.3,,
"Sat 17th Mar 2018",23.1,16.0,19.6,0.0,2.6,,
"Sun 18th Mar 2018",22.7,15.2,18.9,0.0,3.0,,
"Mon 19th Mar 2018",23.2,14.2,18.7,2.4,2.7,,
"Tue 20th Mar 2018",24.2,10.3,17.2,0.6,2.7,,
"Wed 21st Mar 2018",24.1,10.1,17.1,0.2,3.0,,
"Thu 22nd Mar 2018",24.4,11.7,18.1,1.0,3.2,,
"Fri 23rd Mar 2018",23.4,15.5,19.4,22.0,2.2,,
"Sat 24th Mar 2018",22.3,14.3,18.3,24.2,1.4,,
"Sun 25th Mar 2018",24.3,10.6,17.4,0.2,2.5,,
"Mon 26th Mar 2018",25.0,12.0,18.5,0.6,2.4,,
"Tue 27th Mar 2018",24.6,11.4,18.0,0.0,2.7,,
"Wed 28th Mar 2018",24.1,15.7,19.9,0.0,2.0,,
"Thu 29th Mar 2018",24.0,15.6,19.8,0.6,2.5,,
"Fri 30th Mar 2018",23.9,9.9,16.9,0.0,2.2,,
"Sat 31st Mar 2018",22.7,12.0,17.3,0.4,2.5,,
"Sun 1st Apr 2018",22.0,10.6,16.3,0.0,2.6,,
"Mon 2nd Apr 2018",21.7,9.0,15.3,0.0,2.5,,
"Tue 3rd Apr 2018",23.6,12.5,18.1,0.0,2.4,,
"Wed 4th Apr 2018",23.6,10.9,17.2,0.6,2.1,,
"Thu 5th Apr 2018",22.3,8.4,15.4,0.2,2.3,,
"Fri 6th Apr 2018",23.6,10.7,17.2,0.0,2.0,,
"Sat 7th Apr 2018",22.8,7.3,15.0,0.2,2.1,,
"Sun 8th Apr 2018",20.8,6.8,13.8,0.2,2.1,,
"Mon 9th Apr 2018",22.2,16.1,19.2,1.6,2.0,,
"Tue 10th Apr 2018",21.5,8.6,15.1,12.4,2.6,,
"Wed 11th Apr 2018",14.9,7.9,11.4,5.0,1.6,,
"Thu 12th Apr 2018",17.3,12.5,14.9,3.4,2.5,,
"Fri 13th Apr 2018",19.9,13.9,16.9,15.4,2.5,,
"Sat 14th Apr 2018",20.5,16.3,18.4,9.0,0.7,,
"Sun 15th Apr 2018",23.0,16.0,19.5,0.6,1.5,,
"Mon 16th Apr 2018",22.1,15.4,18.8,3.2,1.5,,
"Tue 17th Apr 2018",24.4,15.5,19.9,1.4,2.1,,
"Wed 18th Apr 2018",18.7,8.2,13.5,0.2,2.3,,
"Thu 19th Apr 2018",18.9,9.7,14.3,0.2,1.8,,
"Fri 20th Apr 2018",19.3,12.9,16.1,1.4,1.7,,
"Sat 21st Apr 2018",20.6,13.8,17.2,4.8,1.8,,
"Sun 22nd Apr 2018",19.4,12.2,15.8,0.2,1.9,,
"Mon 23rd Apr 2018",17.7,11.7,14.7,0.6,1.2,,
"Tue 24th Apr 2018",17.9,7.9,12.9,0.2,1.2,,
"Wed 25th Apr 2018",20.0,5.6,12.8,0.0,1.4,,
"Thu 26th Apr 2018",20.3,7.8,14.0,0.0,1.2,,
"Fri 27th Apr 2018",19.3,12.8,16.1,2.8,1.3,,
"Sat 28th Apr 2018",20.1,14.2,17.2,44.0,0.7,,
"Sun 29th Apr 2018",21.5,13.4,17.5,0.2,1.4,,
"Mon 30th Apr 2018",20.1,13.5,16.8,20.6,1.1,,
"Tue 1st May 2018",21.2,13.0,17.1,0.2,1.3,,
"Wed 2nd May 2018",21.1,5.8,13.4,0.0,1.6,,
"Thu 3rd May 2018",19.0,3.5,11.3,0.0,1.3,,
"Fri 4th May 2018",20.4,6.3,13.4,0.0,1.2,,
"Sat 5th May 2018",20.0,9.1,14.6,2.6,1.1,,
"Sun 6th May 2018",19.1,8.3,13.7,0.4,1.1,,
"Mon 7th May 2018",18.2,7.7,12.9,0.0,1.7,,
"Tue 8th May 2018",19.0,10.7,14.8,0.0,1.5,,
"Wed 9th May 2018",20.1,7.9,14.0,0.4,1.3,,
"Thu 10th May 2018",19.0,11.5,15.2,0.0,1.0,,
"Fri 11th May 2018",20.2,15.0,17.6,7.4,0.8,,
"Sat 12th May 2018",19.4,16.3,17.8,19.8,0.6,,
"Sun 13th May 2018",24.5,14.7,19.6,1.4,1.3,,
"Mon 14th May 2018",22.7,11.9,17.3,0.2,1.2,,
"Tue 15th May 2018",22.6,9.8,16.2,0.0,1.2,,
"Wed 16th May 2018",21.0,10.1,15.6,9.2,1.1,,
"Thu 17th May 2018",16.7,6.7,11.7,1.4,1.1,,
"Fri 18th May 2018",18.0,8.4,13.2,0.0,1.2,,
"Sat 19th May 2018",18.8,7.9,13.4,26.2,1.0,,
"Sun 20th May 2018",18.9,12.6,15.7,2.2,1.1,,
"Mon 21st May 2018",19.5,10.3,14.9,12.4,1.1,,
"Tue 22nd May 2018",19.0,10.1,14.5,29.4,1.1,,
"Wed 23rd May 2018",15.3,8.9,12.1,6.6,1.3,,
"Thu 24th May 2018",16.3,12.5,14.4,2.6,1.4,,
"Fri 25th May 2018",16.0,5.0,10.5,8.4,0.9,,
"Sat 26th May 2018",14.9,11.0,13.0,0.4,1.6,,
"Sun 27th May 2018",16.3,5.7,11.0,5.2,0.9,,
"Mon 28th May 2018",12.3,-0.8,5.8,1.0,0.7,,
"Tue 29th May 2018",14.4,-1.0,6.7,0.4,0.7,,
"Wed 30th May 2018",15.1,-0.4,7.3,0.0,0.7,,
"Thu 31st May 2018",15.8,-0.8,7.5,0.0,0.8,,
"Fri 1st Jun 2018",16.2,3.4,9.8,0.6,0.8,,
"Sat 2nd Jun 2018",16.1,12.9,14.5,7.6,1.4,,
"Sun 3rd Jun 2018",16.1,12.4,14.2,22.0,0.5,,
"Mon 4th Jun 2018",16.7,13.4,15.1,26.2,0.5,,
"Tue 5th Jun 2018",16.4,9.6,13.0,1.8,1.4,,
"Wed 6th Jun 2018",13.2,3.8,8.5,6.4,0.6,,
"Thu 7th Jun 2018",12.7,3.7,8.2,0.2,1.1,,
"Fri 8th Jun 2018",16.5,0.6,8.6,0.2,0.7,,
"Sat 9th Jun 2018",17.2,4.1,10.6,0.0,0.6,,
"Sun 10th Jun 2018",14.2,7.2,10.7,0.0,0.6,,
"Mon 11th Jun 2018",12.8,10.3,11.6,13.2,0.8,,
"Tue 12th Jun 2018",14.1,12.5,13.3,5.6,0.7,,
"Wed 13th Jun 2018",16.2,7.6,11.9,2.6,0.7,,
"Thu 14th Jun 2018",16.5,4.9,10.7,1.4,0.7,,
"Fri 15th Jun 2018",17.8,10.7,14.3,4.4,0.6,,
"Sat 16th Jun 2018",19.4,9.8,14.6,3.2,0.8,,
"Sun 17th Jun 2018",17.1,6.6,11.9,0.0,0.7,,
"Mon 18th Jun 2018",18.9,10.8,14.9,5.2,0.8,,
"Tue 19th Jun 2018",18.9,10.4,14.7,0.2,0.7,,
"Wed 20th Jun 2018",12.5,9.2,10.8,21.6,0.7,,
"Thu 21st Jun 2018",11.8,1.2,6.5,2.0,0.6,,
"Fri 22nd Jun 2018",15.7,2.9,9.3,0.0,0.6,,
"Sat 23rd Jun 2018",15.4,6.0,10.7,3.4,0.6,,
"Sun 24th Jun 2018",15.9,10.0,13.0,17.0,0.8,,
"Mon 25th Jun 2018",13.4,7.0,10.2,10.2,0.9,,
"Tue 26th Jun 2018",13.1,-0.6,6.3,6.6,0.8,,
"Wed 27th Jun 2018",14.9,1.7,8.3,0.2,0.6,,
"Thu 28th Jun 2018",14.3,2.4,8.3,0.0,0.5,,
"Fri 29th Jun 2018",13.2,-2.0,5.6,0.0,0.5,,
"Sat 30th Jun 2018",15.6,0.8,8.2,0.0,0.5,,
"Sun 1st Jul 2018",14.2,6.4,10.3,4.4,0.6,,
"Mon 2nd Jul 2018",15.7,2.9,9.3,4.2,0.8,,
"Tue 3rd Jul 2018",14.1,-1.9,6.1,0.2,0.8,,
"Wed 4th Jul 2018",13.4,2.3,7.8,1.0,0.7,,
"Thu 5th Jul 2018",15.1,2.9,9.0,0.0,0.6,,
"Fri 6th Jul 2018",15.0,2.1,8.6,0.0,0.6,,
"Sat 7th Jul 2018",15.3,5.9,10.6,0.0,0.7,,
"Sun 8th Jul 2018",17.6,11.6,14.6,6.8,0.9,,
"Mon 9th Jul 2018",15.6,7.8,11.7,10.0,1.3,,
"Tue 10th Jul 2018",14.3,3.6,9.0,1.0,1.1,,
"Wed 11th Jul 2018",14.9,4.8,9.9,1.4,0.7,,
"Thu 12th Jul 2018",15.9,0.8,8.3,0.0,0.8,,
"Fri 13th Jul 2018",14.5,4.0,9.2,0.0,0.6,,
"Sat 14th Jul 2018",15.6,12.0,13.8,35.2,0.9,,
"Sun 15th Jul 2018",15.2,7.7,11.5,8.2,0.6,,
"Mon 16th Jul 2018",16.1,6.2,11.1,1.0,0.8,,
"Tue 17th Jul 2018",16.1,4.0,10.1,0.0,0.8,,
"Wed 18th Jul 2018",15.7,5.7,10.7,0.0,0.7,,
"Thu 19th Jul 2018",16.2,4.5,10.3,3.4,0.7,,
"Fri 20th Jul 2018",15.6,2.8,9.2,0.0,0.8,,
"Sat 21st Jul 2018",16.6,6.2,11.4,5.0,0.8,,
"Sun 22nd Jul 2018",16.2,4.8,10.5,1.6,0.7,,
"Mon 23rd Jul 2018",14.9,2.3,8.6,0.8,0.8,,
"Tue 24th Jul 2018",15.6,1.6,8.6,0.0,0.8,,
"Wed 25th Jul 2018",14.7,6.5,10.6,1.2,0.9,,
"Thu 26th Jul 2018",16.6,2.1,9.3,0.2,1.1,,
"Fri 27th Jul 2018",15.2,6.3,10.8,3.6,0.9,,
"Sat 28th Jul 2018",15.7,6.7,11.2,3.8,0.9,,
"Sun 29th Jul 2018",16.4,8.7,12.6,0.0,1.4,,
"Mon 30th Jul 2018",15.3,1.6,8.5,0.0,1.1,,
"Tue 31st Jul 2018",16.1,5.0,10.6,0.0,0.8,,
"Wed 1st Aug 2018",16.0,4.4,10.2,0.0,0.8,,
"Thu 2nd Aug 2018",17.3,7.6,12.5,3.6,0.9,,
"Fri 3rd Aug 2018",15.8,1.9,8.8,0.6,0.8,,
"Sat 4th Aug 2018",16.8,2.9,9.8,0.2,1.1,,
"Sun 5th Aug 2018",13.5,3.0,8.2,0.0,0.7,,
"Mon 6th Aug 2018",16.0,5.4,10.7,0.2,0.9,,
"Tue 7th Aug 2018",17.9,7.8,12.8,0.0,1.0,,
"Wed 8th Aug 2018",14.8,7.4,11.1,9.2,0.7,,
"Thu 9th Aug 2018",15.9,2.7,9.3,0.2,1.3,,
"Fri 10th Aug 2018",16.7,3.3,10.0,0.2,1.3,,
"Sat 11th Aug 2018",17.1,2.1,9.6,0.0,1.2,,
"Sun 12th Aug 2018",17.1,2.7,9.9,0.0,1.3,,
"Mon 13th Aug 2018",15.6,8.2,11.9,13.4,1.1,,
"Tue 14th Aug 2018",14.9,9.7,12.3,0.6,1.9,,
"Wed 15th Aug 2018",15.4,10.8,13.1,0.2,1.9,,
"Thu 16th Aug 2018",16.4,11.8,14.1,6.8,1.4,,
"Fri 17th Aug 2018",15.7,9.4,12.5,9.2,1.1,,
"Sat 18th Aug 2018",14.8,0.9,7.8,0.0,1.4,,
"Sun 19th Aug 2018",15.9,5.3,10.6,0.0,1.3,,
"Mon 20th Aug 2018",17.3,9.5,13.4,0.2,1.1,,
"Tue 21st Aug 2018",14.2,9.4,11.8,0.2,1.5,,
"Wed 22nd Aug 2018",15.6,8.6,12.1,0.2,1.2,,
"Thu 23rd Aug 2018",14.4,4.4,9.4,0.0,1.4,,
"Fri 24th Aug 2018",14.5,9.2,11.8,0.0,1.7,,
"Sat 25th Aug 2018",15.4,8.2,11.8,0.0,1.8,,
"Sun 26th Aug 2018",14.2,8.6,11.4,0.2,1.2,,
"Mon 27th Aug 2018",17.1,3.1,10.1,0.0,1.2,,
"Tue 28th Aug 2018",16.9,10.0,13.4,0.0,1.5,,
"Wed 29th Aug 2018",18.1,5.4,11.7,0.2,1.4,,
"Thu 30th Aug 2018",17.2,4.6,10.9,0.6,1.4,,
"Fri 31st Aug 2018",18.0,5.0,11.5,0.2,1.7,,
"Sat 1st Sep 2018",17.0,10.3,13.6,0.6,1.8,,
"Sun 2nd Sep 2018",16.7,9.0,12.8,0.4,1.5,,
"Mon 3rd Sep 2018",14.8,2.1,8.4,0.0,1.3,,
"Tue 4th Sep 2018",13.9,5.7,9.8,0.0,1.5,,
"Wed 5th Sep 2018",15.7,7.7,11.7,0.0,1.5,,
"Thu 6th Sep 2018",14.1,5.2,9.7,0.0,1.0,,
"Fri 7th Sep 2018",16.1,4.9,10.5,0.0,2.0,,
"Sat 8th Sep 2018",17.3,8.7,13.0,0.0,2.7,,
"Sun 9th Sep 2018",13.9,9.2,11.6,0.0,1.9,,
"Mon 10th Sep 2018",15.1,10.8,13.0,0.0,1.7,,
"Tue 11th Sep 2018",17.7,3.6,10.6,0.0,1.6,,
"Wed 12th Sep 2018",18.1,4.7,11.4,0.0,2.1,,
"Thu 13th Sep 2018",14.7,11.8,13.3,0.0,2.0,,
"Fri 14th Sep 2018",16.3,6.8,11.6,0.0,2.0,,
"Sat 15th Sep 2018",18.9,8.2,13.6,0.0,2.2,,
"Sun 16th Sep 2018",18.9,10.1,14.5,0.0,2.1,,
"Mon 17th Sep 2018",20.7,12.3,16.5,1.6,2.1,,
"Tue 18th Sep 2018",16.3,13.8,15.0,9.4,1.0,,
"Wed 19th Sep 2018",18.5,10.1,14.3,0.0,1.7,,
"Thu 20th Sep 2018",20.2,11.7,15.9,0.0,2.1,,
"Fri 21st Sep 2018",17.8,8.7,13.3,0.0,1.7,,
"Sat 22nd Sep 2018",18.3,4.4,11.4,0.2,1.8,,
"Sun 23rd Sep 2018",16.2,10.1,13.1,0.2,2.3,,
"Mon 24th Sep 2018",16.5,8.1,12.3,8.4,2.2,,
"Tue 25th Sep 2018",14.0,9.0,11.5,1.2,2.6,,
"Wed 26th Sep 2018",14.4,8.9,11.7,2.6,2.3,,
"Thu 27th Sep 2018",15.9,4.5,10.2,0.4,2.3,,
"Fri 28th Sep 2018",15.5,2.2,8.9,0.0,2.3,,
"Sat 29th Sep 2018",16.1,1.2,8.7,0.0,2.4,,
"Sun 30th Sep 2018",18.0,8.2,13.1,0.0,2.9,,
"Mon 1st Oct 2018",18.7,11.8,15.2,4.0,1.8,,
"Tue 2nd Oct 2018",17.0,5.7,11.4,0.4,2.3,,
"Wed 3rd Oct 2018",18.9,7.5,13.2,0.0,2.1,,
"Thu 4th Oct 2018",17.5,4.7,11.1,0.0,1.6,,
"Fri 5th Oct 2018",20.2,5.3,12.8,0.2,2.9,,
"Sat 6th Oct 2018",19.9,5.5,12.7,0.0,2.9,,
"Sun 7th Oct 2018",-,5.9,-,0.0,-,,Some
"Mon 8th Oct 2018",16.8,3.0,9.9,0.0,2.6,,
"Tue 9th Oct 2018",16.8,3.7,10.3,0.0,2.7,,
"Wed 10th Oct 2018",17.1,2.7,9.9,0.2,2.3,,
"Thu 11th Oct 2018",19.3,11.5,15.4,19.6,2.0,,
"Fri 12th Oct 2018",16.3,6.1,11.2,2.4,2.4,,
"Sat 13th Oct 2018",13.9,2.4,8.2,0.2,2.7,,
"Sun 14th Oct 2018",16.1,2.5,9.3,0.0,2.7,,
"Mon 15th Oct 2018",18.8,3.4,11.1,0.0,3.1,,
"Tue 16th Oct 2018",15.6,11.3,13.4,0.0,2.3,,
"Wed 17th Oct 2018",15.7,10.8,13.3,0.6,2.5,,
"Thu 18th Oct 2018",18.0,4.9,11.4,0.2,2.3,,
"Fri 19th Oct 2018",19.6,3.6,11.6,0.0,3.4,,
"Sat 20th Oct 2018",20.3,9.0,14.7,0.0,3.5,,
"Sun 21st Oct 2018",19.8,6.8,13.3,0.0,2.7,,
"Mon 22nd Oct 2018",20.6,4.8,12.7,0.2,2.9,,
"Tue 23rd Oct 2018",20.5,5.4,12.9,0.0,3.3,,
"Wed 24th Oct 2018",19.5,8.3,13.9,0.0,2.9,,
"Thu 25th Oct 2018",19.2,13.3,16.2,3.2,3.0,,
"Fri 26th Oct 2018",18.7,7.1,12.9,0.0,3.3,,
"Sat 27th Oct 2018",22.1,13.4,17.7,9.2,2.6,,
"Sun 28th Oct 2018",18.7,8.3,13.5,1.8,2.8,,
"Mon 29th Oct 2018",18.0,11.3,14.6,12.4,2.8,,
"Tue 30th Oct 2018",16.2,9.1,12.6,5.0,2.2,,
"Wed 31st Oct 2018",19.8,11.3,15.6,3.2,3.9,,
"Thu 1st Nov 2018",15.6,6.8,11.2,1.6,2.9,,
"Fri 2nd Nov 2018",17.0,12.4,14.7,0.0,3.9,,
"Sat 3rd Nov 2018",18.9,14.7,16.8,4.0,2.1,,
"Sun 4th Nov 2018",18.0,12.5,15.2,0.0,3.5,,
"Mon 5th Nov 2018",17.9,8.3,13.1,0.0,2.8,,
"Tue 6th Nov 2018",20.3,6.5,13.4,0.0,3.4,,
"Wed 7th Nov 2018",22.6,16.1,19.3,0.0,3.6,,
"Thu 8th Nov 2018",23.2,13.2,18.2,0.0,2.4,,
"Fri 9th Nov 2018",24.6,9.4,17.0,4.0,3.2,,
"Sat 10th Nov 2018",17.5,5.0,11.3,0.0,3.8,,
"Sun 11th Nov 2018",19.4,12.3,15.8,0.8,2.7,,
"Mon 12th Nov 2018",19.9,5.6,12.7,0.0,3.4,,
"Tue 13th Nov 2018",20.1,6.8,13.4,0.0,3.8,,
"Wed 14th Nov 2018",21.6,11.3,16.4,0.0,3.6,,
"Thu 15th Nov 2018",21.2,5.9,13.5,0.0,4.1,,
"Fri 16th Nov 2018",21.5,6.1,13.8,0.0,2.9,,
"Sat 17th Nov 2018",21.9,8.2,15.1,0.0,3.5,,
"Sun 18th Nov 2018",21.8,13.0,17.4,3.8,3.9,,
"Mon 19th Nov 2018",18.2,4.1,11.2,1.6,3.0,,
"Tue 20th Nov 2018",16.9,3.9,10.4,4.2,2.6,,
"Wed 21st Nov 2018",18.1,8.3,13.2,12.4,2.5,,
"Thu 22nd Nov 2018",18.5,4.8,11.6,0.2,3.8,,
"Fri 23rd Nov 2018",22.2,14.9,18.6,21.6,4.9,,
"Sat 24th Nov 2018",18.8,15.4,17.1,9.6,1.5,,
"Sun 25th Nov 2018",24.6,10.0,17.3,0.0,2.9,,
"Mon 26th Nov 2018",22.5,14.3,18.4,2.4,4.1,,
"Tue 27th Nov 2018",22.9,13.2,18.0,0.2,3.3,,
"Wed 28th Nov 2018",21.5,11.4,16.5,0.0,3.6,,
"Thu 29th Nov 2018",25.9,15.6,20.8,9.6,3.1,,
"Fri 30th Nov 2018",21.3,15.4,18.4,2.4,2.6,,
"Sat 1st Dec 2018",22.2,14.4,18.3,0.6,1.4,,
"Sun 2nd Dec 2018",23.6,16.0,19.8,3.8,4.2,,
"Mon 3rd Dec 2018",21.2,15.6,18.4,15.6,2.2,,
"Tue 4th Dec 2018",21.1,14.3,17.7,2.4,3.4,,
"Wed 5th Dec 2018",20.4,11.8,16.1,1.2,4.0,,
"Thu 6th Dec 2018",18.1,7.0,12.5,2.0,3.6,,
"Fri 7th Dec 2018",19.6,8.2,13.9,0.0,4.3,,
"Sat 8th Dec 2018",20.3,14.7,17.5,0.0,4.6,,
"Sun 9th Dec 2018",20.5,14.9,17.7,0.0,4.3,,
"Mon 10th Dec 2018",22.0,11.5,16.7,0.0,2.4,,
"Tue 11th Dec 2018",22.9,14.1,18.5,0.0,2.6,,
"Wed 12th Dec 2018",23.5,15.2,19.4,0.0,3.6,,
"Thu 13th Dec 2018",24.9,13.6,19.2,0.0,3.5,,
"Fri 14th Dec 2018",25.8,13.4,19.6,10.4,3.2,,
"Sat 15th Dec 2018",23.4,12.6,18.0,1.2,3.8,,
"Sun 16th Dec 2018",27.3,12.5,19.9,14.6,4.1,,
"Mon 17th Dec 2018",26.9,14.0,20.5,0.2,4.2,,
"Tue 18th Dec 2018",24.7,14.9,19.8,0.0,4.8,,
"Wed 19th Dec 2018",23.4,15.6,19.5,36.8,3.9,,
"Thu 20th Dec 2018",21.3,15.8,18.5,8.2,3.1,,
"Fri 21st Dec 2018",21.3,12.4,16.8,1.8,3.2,,
"Sat 22nd Dec 2018",24.4,16.4,20.4,1.0,3.9,,
"Sun 23rd Dec 2018",19.7,17.7,18.7,47.4,1.3,,
"Mon 24th Dec 2018",20.9,16.1,18.5,49.2,1.1,,
"Tue 25th Dec 2018",22.6,15.2,18.9,14.2,2.6,,
"Wed 26th Dec 2018",21.9,12.5,17.2,0.0,3.7,,
"Thu 27th Dec 2018",20.9,9.1,15.0,0.0,4.4,,
"Fri 28th Dec 2018",22.5,10.7,16.6,0.0,4.6,,
"Sat 29th Dec 2018",25.7,11.4,18.5,0.0,3.2,,
"Sun 30th Dec 2018",23.2,13.8,18.5,0.0,4.9,,
"Mon 31st Dec 2018",22.7,16.4,19.5,0.0,3.0,,
"Tue 1st Jan 2019",22.0,17.9,20.0,0.0,2.0,,
"Wed 2nd Jan 2019",23.1,15.1,19.1,0.0,4.4,,
"Thu 3rd Jan 2019",23.5,18.7,21.1,0.2,2.6,,
"Fri 4th Jan 2019",22.9,11.3,17.1,0.2,4.3,,
"Sat 5th Jan 2019",23.4,11.3,17.4,0.0,4.7,,
"Sun 6th Jan 2019",23.7,17.6,20.6,0.0,4.8,,
"Mon 7th Jan 2019",24.9,18.7,21.8,0.0,4.5,,
"Tue 8th Jan 2019",29.3,11.4,20.4,0.0,5.6,,
"Wed 9th Jan 2019",26.5,14.0,20.3,0.0,4.7,,
"Thu 10th Jan 2019",26.9,15.0,21.0,0.0,4.6,,
"Fri 11th Jan 2019",26.6,11.4,19.0,0.0,4.8,,
"Sat 12th Jan 2019",27.0,18.2,22.6,0.0,5.6,,
"Sun 13th Jan 2019",26.0,14.2,20.1,6.6,3.6,,
"Mon 14th Jan 2019",21.7,12.4,17.1,11.6,3.3,,
"Tue 15th Jan 2019",21.4,11.6,16.5,1.4,2.9,,
"Wed 16th Jan 2019",23.2,18.0,20.6,0.0,4.8,,
"Thu 17th Jan 2019",23.1,17.1,20.1,0.0,4.2,,
"Fri 18th Jan 2019",23.2,15.4,19.3,0.0,2.6,,
"Sat 19th Jan 2019",24.3,19.2,21.8,0.0,4.9,,
"Sun 20th Jan 2019",23.4,16.5,19.9,0.2,4.6,,
"Mon 21st Jan 2019",23.0,17.3,20.1,0.0,4.4,,
"Tue 22nd Jan 2019",22.6,13.2,17.9,0.0,3.6,,
"Wed 23rd Jan 2019",23.6,19.4,21.5,2.4,3.6,,
"Thu 24th Jan 2019",21.7,9.1,15.4,1.4,3.3,,
"Fri 25th Jan 2019",24.9,12.4,18.6,0.0,4.3,,
"Sat 26th Jan 2019",23.0,11.7,17.3,0.0,4.1,,
"Sun 27th Jan 2019",22.8,18.9,20.8,0.0,3.6,,
"Mon 28th Jan 2019",25.2,16.2,20.7,0.0,3.7,,
"Tue 29th Jan 2019",28.2,20.4,24.3,0.0,5.1,,
"Wed 30th Jan 2019",28.2,15.2,21.7,0.0,3.7,,
"Thu 31st Jan 2019",27.5,13.8,20.7,0.0,4.7,,
"Fri 1st Feb 2019",27.5,12.4,20.0,0.0,4.3,,
"Sat 2nd Feb 2019",26.5,16.2,21.4,0.0,3.9,,
"Sun 3rd Feb 2019",25.4,11.8,18.6,0.0,4.2,,
"Mon 4th Feb 2019",27.0,10.8,18.9,0.0,5.1,,
"Tue 5th Feb 2019",28.4,11.2,19.8,0.0,4.3,,
"Wed 6th Feb 2019",28.2,17.8,23.0,2.6,5.0,,
"Thu 7th Feb 2019",21.5,15.6,18.5,0.0,3.1,,
"Fri 8th Feb 2019",24.2,15.8,20.0,0.0,4.2,,
"Sat 9th Feb 2019",24.7,12.1,18.4,0.2,4.0,,
"Sun 10th Feb 2019",27.9,11.4,19.7,0.0,5.0,,
"Mon 11th Feb 2019",26.4,12.6,19.5,0.2,4.9,,
"Tue 12th Feb 2019",26.5,11.8,19.1,0.0,4.1,,
"Wed 13th Feb 2019",27.1,10.7,18.9,0.0,4.6,,
"Thu 14th Feb 2019",28.3,11.5,19.9,0.0,4.2,,
"Fri 15th Feb 2019",28.0,12.2,20.1,0.0,4.3,,
"Sat 16th Feb 2019",24.7,11.0,17.8,0.0,4.4,,
"Sun 17th Feb 2019",27.9,14.1,21.0,0.0,4.3,,
"Mon 18th Feb 2019",24.5,10.1,17.3,0.0,3.9,,
"Tue 19th Feb 2019",26.3,11.2,18.7,0.0,3.9,,
"Wed 20th Feb 2019",26.4,17.2,21.8,0.0,2.6,,
"Thu 21st Feb 2019",27.7,18.5,23.1,0.0,3.3,,
"Fri 22nd Feb 2019",23.8,19.3,21.5,12.2,1.7,,
"Sat 23rd Feb 2019",21.2,14.8,18.0,1.0,1.7,,
"Sun 24th Feb 2019",22.1,11.9,17.0,2.4,3.6,,
"Mon 25th Feb 2019",23.2,9.6,16.4,0.0,4.3,,
"Tue 26th Feb 2019",24.8,6.2,15.5,0.0,4.2,,
"Wed 27th Feb 2019",23.2,12.2,17.7,0.0,4.2,,
"Thu 28th Feb 2019",22.2,10.3,16.2,0.0,4.1,,
"Fri 1st Mar 2019",23.6,7.1,15.3,0.0,2.7,,
"Sat 2nd Mar 2019",24.7,6.0,15.3,0.0,4.0,,
"Sun 3rd Mar 2019",24.6,8.1,16.4,0.0,4.0,,
"Mon 4th Mar 2019",25.0,10.1,17.6,0.0,3.5,,
"Tue 5th Mar 2019",23.3,7.1,15.2,0.0,3.6,,
"Wed 6th Mar 2019",26.3,7.9,17.1,0.0,3.6,,
"Thu 7th Mar 2019",25.3,13.5,19.4,7.6,2.4,,
"Fri 8th Mar 2019",21.8,9.5,15.7,5.6,1.2,,
"Sat 9th Mar 2019",20.9,8.5,14.7,0.0,2.4,,
"Sun 10th Mar 2019",23.8,10.0,16.9,0.2,3.3,,
"Mon 11th Mar 2019",24.1,12.7,18.4,0.0,3.1,,
"Tue 12th Mar 2019",25.6,12.1,18.9,0.0,3.1,,
"Wed 13th Mar 2019",25.9,12.2,19.1,0.0,3.0,,
"Thu 14th Mar 2019",26.8,10.9,18.9,0.0,3.3,,
"Fri 15th Mar 2019",26.4,11.2,18.8,0.0,3.5,,
"Sat 16th Mar 2019",26.6,12.3,19.5,0.0,2.4,,
"Sun 17th Mar 2019",26.6,14.8,20.7,0.0,3.1,,
"Mon 18th Mar 2019",26.1,16.7,21.4,0.0,2.3,,
"Tue 19th Mar 2019",19.7,12.6,16.2,0.0,1.0,,
"Wed 20th Mar 2019",24.3,10.5,17.4,0.0,1.9,,
"Thu 21st Mar 2019",25.9,11.6,18.7,0.0,3.3,,
"Fri 22nd Mar 2019",26.7,11.9,19.3,0.0,2.6,,
"Sat 23rd Mar 2019",24.8,10.4,17.6,0.0,2.5,,
"Sun 24th Mar 2019",25.2,11.6,18.4,0.0,2.6,,
"Mon 25th Mar 2019",24.9,8.6,16.8,0.0,2.9,,
"Tue 26th Mar 2019",25.8,9.3,17.6,0.0,3.0,,
"Wed 27th Mar 2019",25.4,16.8,21.1,0.0,2.2,,
"Thu 28th Mar 2019",21.8,16.5,19.2,3.4,1.3,,
"Fri 29th Mar 2019",23.9,18.2,21.1,0.4,2.8,,
"Sat 30th Mar 2019",22.8,18.5,20.7,0.0,2.3,,
"Sun 31st Mar 2019",24.2,19.2,21.7,0.0,2.7,,
"Mon 1st Apr 2019",22.8,14.0,18.4,0.0,1.1,,
"Tue 2nd Apr 2019",21.3,7.9,14.6,23.4,2.6,,
"Wed 3rd Apr 2019",18.7,11.5,15.1,0.0,1.3,,
"Thu 4th Apr 2019",22.2,7.1,14.7,0.0,2.1,,
"Fri 5th Apr 2019",22.0,12.6,17.3,14.6,2.1,,
"Sat 6th Apr 2019",16.9,8.4,12.6,5.2,1.0,,
"Sun 7th Apr 2019",18.7,5.2,12.0,0.0,2.0,,
"Mon 8th Apr 2019",19.9,7.0,13.4,0.0,2.2,,
"Tue 9th Apr 2019",21.2,5.7,13.5,0.0,2.3,,
"Wed 10th Apr 2019",22.2,6.3,14.2,0.0,2.1,,
"Thu 11th Apr 2019",21.6,12.0,16.8,16.6,2.1,,
"Fri 12th Apr 2019",19.5,8.6,14.0,1.2,1.9,,
"Sat 13th Apr 2019",18.0,2.6,10.3,0.0,2.2,,
"Sun 14th Apr 2019",20.1,4.0,12.0,0.0,1.8,,
"Mon 15th Apr 2019",21.6,2.8,12.2,0.0,1.9,,
"Tue 16th Apr 2019",21.0,2.8,11.9,0.0,1.7,,
"Wed 17th Apr 2019",20.8,3.6,12.2,0.0,1.9,,
"Thu 18th Apr 2019",21.3,3.1,12.2,0.0,1.8,,
"Fri 19th Apr 2019",21.7,3.1,12.4,0.0,1.6,,
"Sat 20th Apr 2019",21.4,4.0,12.7,0.0,1.5,,
"Sun 21st Apr 2019",23.4,12.4,17.9,0.6,2.2,,
"Mon 22nd Apr 2019",16.8,6.9,11.9,2.4,0.7,,
"Tue 23rd Apr 2019",20.2,7.2,13.7,6.0,1.3,,
"Wed 24th Apr 2019",20.1,11.1,15.6,1.4,1.6,,
"Thu 25th Apr 2019",20.6,12.1,16.4,0.0,1.7,,
"Fri 26th Apr 2019",20.6,11.8,16.2,0.0,1.3,,
"Sat 27th Apr 2019",22.5,12.3,17.4,0.0,1.5,,
"Sun 28th Apr 2019",18.8,7.3,13.1,0.0,0.9,,
"Mon 29th Apr 2019",18.4,9.9,14.1,0.0,1.5,,
"Tue 30th Apr 2019",18.4,0.8,9.6,0.0,1.7,,
"Wed 1st May 2019",18.0,1.6,9.8,2.0,1.4,,
"Thu 2nd May 2019",18.3,7.0,12.6,0.0,1.5,,
"Fri 3rd May 2019",21.9,6.0,13.9,0.2,1.4,,
"Sat 4th May 2019",20.3,5.0,12.7,0.2,1.1,,
"Sun 5th May 2019",21.0,6.8,13.9,0.0,1.2,,
"Mon 6th May 2019",19.3,6.6,13.0,0.0,0.9,,
"Tue 7th May 2019",20.0,7.2,13.6,0.0,1.1,,
"Wed 8th May 2019",21.0,4.9,13.0,0.2,1.3,,
"Thu 9th May 2019",21.1,11.8,16.4,3.8,1.5,,
"Fri 10th May 2019",20.6,8.2,14.4,0.4,1.1,,
"Sat 11th May 2019",20.6,8.7,14.7,1.0,1.1,,
"Sun 12th May 2019",20.4,15.2,17.8,13.2,1.2,,
"Mon 13th May 2019",18.4,6.3,12.3,0.0,1.6,,
"Tue 14th May 2019",18.2,8.2,13.2,1.2,0.9,,
"Wed 15th May 2019",19.8,14.2,17.0,3.2,1.5,,
"Thu 16th May 2019",17.7,13.0,15.4,2.4,1.9,,
"Fri 17th May 2019",17.1,7.9,12.5,0.0,1.1,,
"Sat 18th May 2019",18.3,10.9,14.6,3.6,1.2,,
"Sun 19th May 2019",18.6,11.0,14.8,0.6,1.4,,
"Mon 20th May 2019",16.5,12.1,14.3,0.0,1.1,,
"Tue 21st May 2019",16.4,10.9,13.7,0.4,0.8,,
"Wed 22nd May 2019",16.8,8.0,12.4,0.8,0.8,,
"Thu 23rd May 2019",18.0,5.4,11.7,0.0,0.8,,
"Fri 24th May 2019",18.6,4.7,11.6,0.2,0.8,,
"Sat 25th May 2019",20.3,4.5,12.4,0.0,0.7,,
"Sun 26th May 2019",18.6,11.1,14.8,0.0,0.8,,
"Mon 27th May 2019",21.9,8.1,15.0,0.6,0.9,,
"Tue 28th May 2019",20.7,12.5,16.6,8.8,1.1,,
"Wed 29th May 2019",18.5,3.7,11.1,0.0,1.2,,
"Thu 30th May 2019",20.4,9.6,15.0,10.2,1.2,,
"Fri 31st May 2019",16.0,10.9,13.5,17.6,1.1,,
"Sat 1st Jun 2019",15.0,4.9,9.9,9.6,1.3,,
"Sun 2nd Jun 2019",14.5,3.0,8.8,0.4,0.9,,
"Mon 3rd Jun 2019",15.2,4.6,9.9,0.2,0.6,,
"Tue 4th Jun 2019",17.0,8.3,12.7,0.6,0.8,,
"Wed 5th Jun 2019",17.8,9.8,13.8,15.4,0.8,,
"Thu 6th Jun 2019",14.9,10.7,12.8,15.0,1.0,,
"Fri 7th Jun 2019",15.6,9.3,12.4,2.4,1.7,,
"Sat 8th Jun 2019",16.4,5.4,10.9,1.0,1.7,,
"Sun 9th Jun 2019",16.7,8.1,12.4,0.0,0.8,,
"Mon 10th Jun 2019",16.1,6.8,11.5,0.2,0.6,,
"Tue 11th Jun 2019",17.4,6.5,11.9,0.0,0.6,,
"Wed 12th Jun 2019",14.6,4.2,9.4,1.6,0.5,,
"Thu 13th Jun 2019",16.2,3.5,9.8,0.8,0.5,,
"Fri 14th Jun 2019",17.3,6.3,11.8,1.8,0.7,,
"Sat 15th Jun 2019",17.1,11.9,14.5,2.4,0.9,,
"Sun 16th Jun 2019",16.4,9.6,13.0,0.6,1.1,,
"Mon 17th Jun 2019",15.5,4.4,9.9,0.8,1.0,,
"Tue 18th Jun 2019",16.5,-1.8,7.3,0.0,0.5,,
"Wed 19th Jun 2019",14.9,2.4,8.7,0.2,0.6,,
"Thu 20th Jun 2019",15.3,11.6,13.5,4.2,1.0,,
"Fri 21st Jun 2019",16.4,5.3,10.9,0.6,0.6,,
"Sat 22nd Jun 2019",14.8,7.1,11.0,4.2,0.5,,
"Sun 23rd Jun 2019",16.4,6.7,11.5,6.0,0.9,,
"Mon 24th Jun 2019",15.6,8.0,11.8,0.2,0.7,,
"Tue 25th Jun 2019",15.2,-0.1,7.6,0.0,0.6,,
"Wed 26th Jun 2019",16.8,-0.7,8.0,0.0,0.5,,
"Thu 27th Jun 2019",15.1,1.5,8.3,0.2,0.5,,
"Fri 28th Jun 2019",16.0,0.1,8.1,0.0,0.7,,
"Sat 29th Jun 2019",15.6,0.7,8.1,0.0,0.7,,
"Sun 30th Jun 2019",15.0,5.7,10.4,0.0,0.7,,
"Mon 1st Jul 2019",17.7,11.2,14.4,2.0,0.8,,
"Tue 2nd Jul 2019",16.3,13.3,14.8,4.8,0.7,,
"Wed 3rd Jul 2019",17.8,15.1,16.5,9.6,0.6,,
"Thu 4th Jul 2019",16.3,5.4,10.9,41.6,0.5,,
"Fri 5th Jul 2019",12.8,1.2,7.0,1.4,0.5,,
"Sat 6th Jul 2019",14.6,-1.0,6.8,0.0,0.7,,
"Sun 7th Jul 2019",14.3,3.7,9.0,2.8,0.8,,
"Mon 8th Jul 2019",15.3,4.0,9.6,1.2,1.0,,
"Tue 9th Jul 2019",14.5,3.0,8.8,0.4,0.6,,
"Wed 10th Jul 2019",16.5,10.5,13.5,2.2,0.7,,
"Thu 11th Jul 2019",17.1,4.3,10.7,2.0,0.7,,
"Fri 12th Jul 2019",15.6,6.5,11.0,8.0,0.5,,
"Sat 13th Jul 2019",17.3,9.4,13.3,0.0,0.9,,
"Sun 14th Jul 2019",16.6,8.6,12.6,14.0,0.8,,
"Mon 15th Jul 2019",16.4,9.5,13.0,4.8,1.2,,
"Tue 16th Jul 2019",15.3,9.8,12.6,4.0,1.0,,
"Wed 17th Jul 2019",15.3,7.3,11.3,3.0,1.6,,
"Thu 18th Jul 2019",16.5,4.0,10.3,0.4,0.8,,
"Fri 19th Jul 2019",14.2,7.6,10.9,22.0,0.6,,
"Sat 20th Jul 2019",15.2,3.9,9.5,7.4,0.8,,
"Sun 21st Jul 2019",15.9,3.2,9.5,0.2,0.8,,
"Mon 22nd Jul 2019",17.5,4.1,10.8,0.2,0.8,,
"Tue 23rd Jul 2019",16.5,2.6,9.5,0.0,0.8,,
"Wed 24th Jul 2019",15.7,2.5,9.1,1.6,0.8,,
"Thu 25th Jul 2019",15.8,4.5,10.2,1.8,0.8,,
"Fri 26th Jul 2019",15.6,10.2,12.9,5.6,0.8,,
"Sat 27th Jul 2019",16.7,3.4,10.1,0.2,1.0,,
"Sun 28th Jul 2019",16.2,7.1,11.7,0.0,0.9,,
"Mon 29th Jul 2019",16.4,9.4,12.9,3.0,0.8,,
"Tue 30th Jul 2019",15.6,8.0,11.8,5.8,1.1,,
"Wed 31st Jul 2019",13.3,4.1,8.7,1.8,1.0,,Some
"Thu 1st Aug 2019",13.2,7.7,10.5,0.4,1.4,,
"Fri 2nd Aug 2019",15.2,8.9,12.0,7.0,1.9,,
"Sat 3rd Aug 2019",13.6,10.4,12.0,6.2,1.2,,
"Sun 4th Aug 2019",15.5,7.1,11.3,5.0,1.8,,
"Mon 5th Aug 2019",13.0,7.9,10.4,1.0,1.7,,
"Tue 6th Aug 2019",14.3,4.7,9.5,2.0,1.2,,
"Wed 7th Aug 2019",15.3,10.3,12.8,11.8,1.3,,
"Thu 8th Aug 2019",16.0,10.1,13.1,10.0,0.8,,
"Fri 9th Aug 2019",15.8,11.0,13.4,4.8,0.9,,
"Sat 10th Aug 2019",18.2,11.8,15.0,2.6,1.4,,
"Sun 11th Aug 2019",18.8,10.3,14.5,10.2,1.5,,
"Mon 12th Aug 2019",16.2,9.5,12.9,10.0,1.4,,
"Tue 13th Aug 2019",15.2,9.7,12.4,3.2,1.8,,
"Wed 14th Aug 2019",15.0,5.7,10.4,0.4,1.2,,
"Thu 15th Aug 2019",14.4,7.7,11.0,0.0,1.2,,
"Fri 16th Aug 2019",14.9,8.4,11.6,3.8,1.4,,
"Sat 17th Aug 2019",16.2,8.8,12.5,7.4,1.2,,
"Sun 18th Aug 2019",9.6,2.8,6.2,4.0,0.7,,
"Mon 19th Aug 2019",13.3,6.0,9.7,0.4,1.5,,
"Tue 20th Aug 2019",14.8,9.8,12.3,19.2,1.4,,
"Wed 21st Aug 2019",14.4,9.8,12.1,5.4,1.6,,
"Thu 22nd Aug 2019",14.6,9.8,12.2,14.8,1.3,,
"Fri 23rd Aug 2019",12.9,4.9,8.9,7.8,0.7,,
"Sat 24th Aug 2019",15.1,10.7,12.9,0.0,2.0,,
"Sun 25th Aug 2019",15.8,11.6,13.7,0.6,1.8,,
"Mon 26th Aug 2019",15.7,9.9,12.8,3.0,1.9,,
"Tue 27th Aug 2019",14.4,3.6,9.0,0.0,1.6,,
"Wed 28th Aug 2019",15.1,3.2,9.2,2.0,1.5,,
"Thu 29th Aug 2019",15.1,2.7,8.9,0.2,1.6,,
"Fri 30th Aug 2019",15.7,10.4,13.0,2.0,1.5,,
"Sat 31st Aug 2019",15.1,2.7,8.9,0.0,1.5,,
"Sun 1st Sep 2019",17.2,4.7,11.0,0.0,1.4,,
"Mon 2nd Sep 2019",17.8,8.7,13.2,0.0,1.9,,
"Tue 3rd Sep 2019",16.3,13.4,14.9,33.8,1.1,,
"Wed 4th Sep 2019",17.3,12.2,14.7,3.6,0.9,,
"Thu 5th Sep 2019",17.6,10.8,14.2,19.8,1.6,,
"Fri 6th Sep 2019",14.7,7.7,11.2,4.2,1.9,,
"Sat 7th Sep 2019",15.5,8.4,11.9,6.0,2.1,,
"Sun 8th Sep 2019",16.9,7.7,12.3,11.8,1.6,,
"Mon 9th Sep 2019",17.2,10.5,13.9,9.2,1.4,,
"Tue 10th Sep 2019",14.5,7.3,10.9,1.4,1.3,,
"Wed 11th Sep 2019",14.8,8.1,11.4,0.4,1.8,,
"Thu 12th Sep 2019",15.4,10.6,13.0,0.0,2.3,,
"Fri 13th Sep 2019",16.0,10.9,13.5,0.6,2.0,,
"Sat 14th Sep 2019",17.5,6.1,11.8,0.6,2.0,,
"Sun 15th Sep 2019",17.0,4.6,10.8,2.6,2.0,,
"Mon 16th Sep 2019",15.5,12.3,13.9,0.0,2.1,,
"Tue 17th Sep 2019",16.7,9.2,12.9,1.0,1.5,,
"Wed 18th Sep 2019",17.5,4.5,11.0,1.6,2.4,,
"Thu 19th Sep 2019",16.8,3.0,9.9,0.0,1.6,,
"Fri 20th Sep 2019",16.4,2.0,9.2,0.0,1.6,,
"Sat 21st Sep 2019",17.7,2.2,9.9,0.0,2.4,,
"Sun 22nd Sep 2019",15.9,7.7,11.8,0.0,2.4,,
"Mon 23rd Sep 2019",17.2,12.2,14.7,13.8,2.6,,
"Tue 24th Sep 2019",16.4,8.8,12.6,18.6,1.9,,
"Wed 25th Sep 2019",14.7,7.3,11.0,10.2,2.2,,
"Thu 26th Sep 2019",14.3,10.3,12.3,1.4,2.7,,
"Fri 27th Sep 2019",15.0,9.8,12.4,2.4,2.2,,
"Sat 28th Sep 2019",16.2,7.9,12.1,0.2,2.2,,
"Sun 29th Sep 2019",17.9,10.1,14.0,1.8,2.4,,
"Mon 30th Sep 2019",17.5,10.6,14.1,0.4,2.3,,
"Tue 1st Oct 2019",14.9,8.2,11.6,5.2,2.5,,
"Wed 2nd Oct 2019",14.2,5.3,9.8,6.2,2.2,,
"Thu 3rd Oct 2019",14.5,6.7,10.6,1.4,2.2,,
"Fri 4th Oct 2019",15.5,7.0,11.2,0.0,2.4,,
"Sat 5th Oct 2019",16.4,10.6,13.5,0.4,1.7,,
"Sun 6th Oct 2019",16.7,11.5,14.1,0.0,2.7,,
"Mon 7th Oct 2019",17.1,11.1,14.1,1.2,1.5,,
"Tue 8th Oct 2019",18.6,8.0,13.3,0.2,2.1,,
"Wed 9th Oct 2019",21.8,13.1,17.5,0.0,3.0,,
"Thu 10th Oct 2019",19.8,14.5,17.2,13.4,1.8,,
"Fri 11th Oct 2019",19.5,11.4,15.5,0.8,2.0,,
"Sat 12th Oct 2019",19.7,4.7,12.2,0.8,2.5,,
"Sun 13th Oct 2019",19.7,7.1,13.4,1.4,2.9,,
"Mon 14th Oct 2019",15.4,11.9,13.7,50.2,1.5,,
"Tue 15th Oct 2019",17.9,10.7,14.3,3.8,1.8,,
"Wed 16th Oct 2019",16.4,11.7,14.0,0.2,2.5,,
"Thu 17th Oct 2019",16.9,8.3,12.6,0.0,1.8,,
"Fri 18th Oct 2019",19.8,13.8,16.8,2.4,2.9,,
"Sat 19th Oct 2019",18.0,11.9,15.0,0.4,2.5,,
"Sun 20th Oct 2019",17.5,7.1,12.3,0.0,2.8,,
"Mon 21st Oct 2019",17.4,11.8,14.6,2.0,2.9,,
"Tue 22nd Oct 2019",16.3,9.3,12.8,3.2,2.7,,
"Wed 23rd Oct 2019",15.2,9.9,12.6,0.4,3.2,,
"Thu 24th Oct 2019",16.7,11.2,14.0,0.8,2.9,,
"Fri 25th Oct 2019",15.6,11.0,13.3,0.0,2.9,,
"Sat 26th Oct 2019",16.5,10.7,13.6,0.0,3.0,,
"Sun 27th Oct 2019",20.3,9.6,15.0,0.0,4.0,,
"Mon 28th Oct 2019",20.7,11.8,16.2,1.8,2.9,,
"Tue 29th Oct 2019",17.3,10.3,13.8,0.2,3.0,,
"Wed 30th Oct 2019",16.6,12.3,14.5,0.4,3.3,,
"Thu 31st Oct 2019",17.7,11.7,14.7,0.0,3.7,,
"Fri 1st Nov 2019",15.9,10.1,13.0,0.0,3.1,,
"Sat 2nd Nov 2019",17.7,11.5,14.6,0.0,3.5,,
"Sun 3rd Nov 2019",21.7,12.2,17.0,0.0,4.0,,
"Mon 4th Nov 2019",24.6,7.7,16.1,0.0,4.5,,
"Tue 5th Nov 2019",25.5,8.0,16.8,0.0,4.5,,
"Wed 6th Nov 2019",26.3,11.9,19.1,0.0,3.7,,
"Thu 7th Nov 2019",25.9,10.7,18.3,0.0,4.8,,
"Fri 8th Nov 2019",23.8,17.0,20.4,0.0,3.3,,
"Sat 9th Nov 2019",22.4,17.1,19.8,5.2,2.8,,
"Sun 10th Nov 2019",22.6,12.5,17.5,22.8,2.5,,
"Mon 11th Nov 2019",17.1,9.5,13.3,4.8,2.5,,
"Tue 12th Nov 2019",16.7,7.6,12.1,3.0,2.6,,
"Wed 13th Nov 2019",19.0,9.1,14.0,7.4,3.4,,
"Thu 14th Nov 2019",20.1,12.6,16.3,0.4,3.7,,
"Fri 15th Nov 2019",18.1,9.6,13.8,0.0,3.7,,
"Sat 16th Nov 2019",20.8,9.8,15.3,0.0,3.2,,
"Sun 17th Nov 2019",24.4,16.9,20.7,18.6,4.1,,
"Mon 18th Nov 2019",21.1,7.2,14.1,4.0,1.7,,
"Tue 19th Nov 2019",18.0,5.2,11.6,0.0,3.3,,
"Wed 20th Nov 2019",19.9,8.0,14.0,0.2,3.0,,
"Thu 21st Nov 2019",18.0,5.0,11.5,0.0,3.9,,
"Fri 22nd Nov 2019",18.4,10.4,14.4,0.0,3.9,,
"Sat 23rd Nov 2019",21.4,14.6,18.0,0.0,4.4,,
"Sun 24th Nov 2019",19.8,14.3,17.0,0.0,3.7,,
"Mon 25th Nov 2019",20.9,10.3,15.6,0.0,4.2,,
"Tue 26th Nov 2019",23.4,9.8,16.6,0.0,4.1,,
"Wed 27th Nov 2019",24.0,13.2,18.6,0.0,4.4,,
"Thu 28th Nov 2019",23.0,15.0,19.0,0.0,2.7,,
"Fri 29th Nov 2019",24.0,11.4,17.7,0.0,3.3,,
"Sat 30th Nov 2019",24.7,10.6,17.6,0.0,4.8,,
"Sun 1st Dec 2019",24.2,14.2,19.2,0.6,3.3,,
"Mon 2nd Dec 2019",25.1,17.7,21.4,0.0,4.1,,
"Tue 3rd Dec 2019",26.9,12.1,19.5,2.6,3.6,,
"Wed 4th Dec 2019",24.8,9.5,17.1,0.0,4.7,,
"Thu 5th Dec 2019",25.4,11.2,18.3,0.0,4.8,,
"Fri 6th Dec 2019",26.4,14.2,20.3,0.0,4.7,,
"Sat 7th Dec 2019",25.4,15.7,20.5,0.0,4.0,,
"Sun 8th Dec 2019",19.6,12.5,16.0,0.8,3.4,,
"Mon 9th Dec 2019",20.7,7.5,14.1,0.0,3.7,,
"Tue 10th Dec 2019",23.4,7.8,15.6,0.0,4.3,,
"Wed 11th Dec 2019",23.6,10.2,16.9,0.0,5.2,,
"Thu 12th Dec 2019",24.0,10.1,17.0,0.0,4.7,,
"Fri 13th Dec 2019",22.0,17.2,19.6,1.2,4.3,,
"Sat 14th Dec 2019",22.2,10.0,16.1,0.0,4.1,,
"Sun 15th Dec 2019",24.6,15.2,19.9,0.0,3.3,,
"Mon 16th Dec 2019",25.4,16.9,21.2,47.0,3.1,,
"Tue 17th Dec 2019",20.9,14.3,17.6,38.4,1.4,,
"Wed 18th Dec 2019",19.4,13.8,16.6,0.2,3.9,,
"Thu 19th Dec 2019",20.5,10.8,15.7,0.0,4.3,,
"Fri 20th Dec 2019",21.6,8.8,15.2,6.2,2.9,,
"Sat 21st Dec 2019",20.7,7.9,14.3,0.0,4.5,,
"Sun 22nd Dec 2019",20.7,12.3,16.5,0.0,5.1,,
"Mon 23rd Dec 2019",20.3,16.5,18.4,0.0,2.7,,
"Tue 24th Dec 2019",21.6,14.0,17.8,0.0,3.0,,
"Wed 25th Dec 2019",21.3,9.6,15.5,0.0,3.8,,
"Thu 26th Dec 2019",21.7,8.7,15.2,0.0,3.4,,
"Fri 27th Dec 2019",21.2,12.8,17.0,1.0,4.6,,
"Sat 28th Dec 2019",19.7,7.4,13.5,0.0,4.2,,
"Sun 29th Dec 2019",19.4,13.4,16.4,0.0,4.3,,
"Mon 30th Dec 2019",20.3,15.8,18.1,0.0,2.1,,
"Tue 31st Dec 2019",24.3,10.3,17.3,0.0,4.1,,
"Wed 1st Jan 2020",21.2,14.2,17.7,0.0,3.2,,
"Thu 2nd Jan 2020",21.0,17.3,19.1,0.0,3.6,,
"Fri 3rd Jan 2020",21.5,15.3,18.4,0.8,3.9,,
"Sat 4th Jan 2020",19.9,14.4,17.2,0.0,4.4,,
"Sun 5th Jan 2020",19.0,14.1,16.6,2.8,2.5,,
"Mon 6th Jan 2020",19.6,14.3,16.9,0.0,4.3,,
"Tue 7th Jan 2020",18.8,8.9,13.8,0.0,3.4,,
"Wed 8th Jan 2020",19.9,9.0,14.4,0.0,3.4,,
"Thu 9th Jan 2020",20.2,12.4,16.3,0.0,3.9,,
"Fri 10th Jan 2020",20.6,8.2,14.4,0.0,3.7,,
"Sat 11th Jan 2020",24.1,6.7,15.4,0.0,4.4,,
"Sun 12th Jan 2020",25.0,8.1,16.6,0.0,5.0,,
"Mon 13th Jan 2020",24.9,14.4,19.6,0.2,4.7,,
"Tue 14th Jan 2020",23.0,14.7,18.8,0.4,3.8,,
"Wed 15th Jan 2020",24.3,12.5,18.4,0.2,3.1,,
"Thu 16th Jan 2020",23.8,10.6,17.2,0.0,3.4,,
"Fri 17th Jan 2020",25.3,8.6,16.9,0.0,4.6,,
"Sat 18th Jan 2020",23.5,9.5,16.5,0.0,4.1,,
"Sun 19th Jan 2020",27.9,10.7,19.3,0.0,4.9,,
"Mon 20th Jan 2020",26.4,17.1,21.7,0.0,5.2,,
"Tue 21st Jan 2020",23.4,13.1,18.2,0.0,4.0,,
"Wed 22nd Jan 2020",23.5,10.6,17.1,0.0,3.3,,
"Thu 23rd Jan 2020",24.2,17.8,21.0,0.0,4.4,,
"Fri 24th Jan 2020",27.2,11.6,19.4,0.2,4.4,,
"Sat 25th Jan 2020",25.0,14.0,19.5,0.0,4.8,,
"Sun 26th Jan 2020",27.0,15.2,21.1,0.0,5.1,,
"Mon 27th Jan 2020",26.9,12.5,19.7,0.0,4.8,,
"Tue 28th Jan 2020",24.8,18.9,21.8,0.4,2.9,,
"Wed 29th Jan 2020",25.8,17.1,21.5,0.0,3.9,,
"Thu 30th Jan 2020",26.3,17.1,21.7,0.2,4.3,,
"Fri 31st Jan 2020",25.5,15.8,20.6,0.0,5.0,,
"Sat 1st Feb 2020",25.2,18.6,21.9,0.0,4.9,,
"Sun 2nd Feb 2020",25.8,16.3,21.1,0.0,4.4,,
"Mon 3rd Feb 2020",26.7,14.1,20.4,0.0,4.4,,
"Tue 4th Feb 2020",29.5,17.5,23.5,0.0,5.3,,
"Wed 5th Feb 2020",23.1,9.7,16.4,0.0,4.1,,
"Thu 6th Feb 2020",22.7,15.1,18.9,0.0,4.0,,
"Fri 7th Feb 2020",25.5,10.1,17.8,0.0,4.5,,
"Sat 8th Feb 2020",25.9,13.2,19.5,0.0,4.4,,
"Sun 9th Feb 2020",22.1,7.1,14.6,0.0,4.3,,
"Mon 10th Feb 2020",22.6,8.3,15.5,0.0,4.1,,
"Tue 11th Feb 2020",23.4,8.2,15.8,0.0,4.1,,
"Wed 12th Feb 2020",-,8.6,-,0.0,-,,Some
"Thu 13th Feb 2020",26.1,9.9,18.0,0.0,4.4,,
"Fri 14th Feb 2020",28.1,17.7,22.9,0.0,4.7,,
"Sat 15th Feb 2020",24.9,19.3,22.1,0.0,4.4,,
"Sun 16th Feb 2020",26.3,15.1,20.7,0.0,3.5,,
"Mon 17th Feb 2020",26.2,15.0,20.6,0.4,2.4,,
"Tue 18th Feb 2020",28.3,16.6,22.5,0.0,3.8,,
"Wed 19th Feb 2020",27.5,11.9,19.7,0.0,3.8,,
"Thu 20th Feb 2020",28.0,13.1,20.5,0.0,4.6,,
"Fri 21st Feb 2020",30.0,16.0,23.0,2.0,4.2,,
"Sat 22nd Feb 2020",23.6,11.2,17.4,13.4,1.9,,
"Sun 23rd Feb 2020",22.5,11.8,17.1,0.2,4.3,,
"Mon 24th Feb 2020",26.0,8.6,17.3,0.0,4.4,,
"Tue 25th Feb 2020",25.0,10.2,17.6,0.0,3.6,,
"Wed 26th Feb 2020",26.6,12.5,19.6,0.0,4.2,,
"Thu 27th Feb 2020",27.6,14.2,20.9,0.0,3.1,,
"Fri 28th Feb 2020",28.6,12.5,20.5,0.0,3.0,,
"Sat 29th Feb 2020",26.3,11.8,19.0,0.0,3.0,,
"Sun 1st Mar 2020",26.6,20.1,23.3,0.0,4.0,,
"Mon 2nd Mar 2020",23.2,19.2,21.2,0.0,2.5,,
"Tue 3rd Mar 2020",25.9,19.5,22.7,2.0,2.4,,
"Wed 4th Mar 2020",24.2,15.2,19.7,1.0,2.4,,
"Thu 5th Mar 2020",23.2,13.4,18.3,0.0,3.0,,
"Fri 6th Mar 2020",23.0,9.6,16.3,0.0,3.6,,
"Sat 7th Mar 2020",24.6,7.7,16.1,0.0,3.6,,
"Sun 8th Mar 2020",25.5,13.8,19.6,0.0,3.6,,
"Mon 9th Mar 2020",26.1,15.7,20.9,10.0,2.2,,
"Tue 10th Mar 2020",22.6,13.3,18.0,2.8,3.2,,
"Wed 11th Mar 2020",21.6,11.5,16.6,2.8,2.9,,
"Thu 12th Mar 2020",23.6,8.0,15.8,0.0,2.9,,
"Fri 13th Mar 2020",23.5,8.2,15.9,0.0,3.2,,
"Sat 14th Mar 2020",26.1,7.9,17.0,0.0,3.2,,
"Sun 15th Mar 2020",25.0,9.1,17.0,0.0,3.4,,
"Mon 16th Mar 2020",21.5,14.1,17.8,0.0,2.0,,
"Tue 17th Mar 2020",22.5,3.1,12.8,0.0,3.1,,
"Wed 18th Mar 2020",21.5,5.1,13.3,0.6,3.2,,
"Thu 19th Mar 2020",21.0,13.5,17.3,10.2,2.3,,
"Fri 20th Mar 2020",22.2,11.3,16.8,28.0,2.0,,
"Sat 21st Mar 2020",22.8,10.7,16.8,0.0,2.4,,
"Sun 22nd Mar 2020",24.5,16.6,20.6,1.0,2.9,,
"Mon 23rd Mar 2020",22.7,14.4,18.5,4.0,2.1,,
"Tue 24th Mar 2020",18.5,9.9,14.2,1.4,2.4,,
"Wed 25th Mar 2020",20.4,7.2,13.8,0.4,2.5,,
"Thu 26th Mar 2020",21.0,8.6,14.8,0.6,2.5,,
"Fri 27th Mar 2020",19.7,9.0,14.4,2.4,2.1,,
"Sat 28th Mar 2020",19.3,5.7,12.5,0.0,2.4,,
"Sun 29th Mar 2020",22.0,0.0,11.0,0.0,2.5,,
"Mon 30th Mar 2020",23.1,7.3,15.2,0.2,1.8,,
"Tue 31st Mar 2020",23.9,8.9,16.4,0.2,2.3,,
"Wed 1st Apr 2020",24.7,5.8,15.3,0.0,2.4,,
"Thu 2nd Apr 2020",23.2,7.4,15.3,0.2,2.8,,
"Fri 3rd Apr 2020",23.7,7.0,15.3,0.0,2.0,,
"Sat 4th Apr 2020",22.3,7.0,14.6,0.0,2.4,,
"Sun 5th Apr 2020",22.0,5.2,13.6,0.0,2.4,,
"Mon 6th Apr 2020",21.5,7.1,14.3,0.0,2.0,,
"Tue 7th Apr 2020",24.0,9.9,16.9,0.0,2.2,,
"Wed 8th Apr 2020",21.7,14.2,18.0,0.2,2.0,,
"Thu 9th Apr 2020",19.0,3.7,11.3,1.0,2.1,,
"Fri 10th Apr 2020",-,3.6,-,0.0,-,,Some
"Sat 11th Apr 2020",22.5,4.8,13.6,0.0,1.7,,
"Sun 12th Apr 2020",24.3,15.0,19.7,10.6,2.3,,
"Mon 13th Apr 2020",20.1,13.2,16.7,3.2,2.4,,
"Tue 14th Apr 2020",17.1,12.5,14.8,1.2,2.5,,
"Wed 15th Apr 2020",17.8,12.2,15.0,5.0,1.9,,
"Thu 16th Apr 2020",19.6,15.5,17.5,0.4,1.7,,
"Fri 17th Apr 2020",20.7,15.8,18.2,5.2,1.2,,
"Sat 18th Apr 2020",21.3,11.3,16.3,0.0,1.6,,
"Sun 19th Apr 2020",20.3,11.7,16.0,4.4,1.1,,
"Mon 20th Apr 2020",21.3,12.2,16.7,0.2,1.2,,
"Tue 21st Apr 2020",19.5,4.1,11.8,0.2,0.8,,
"Wed 22nd Apr 2020",21.2,9.3,15.3,0.0,1.8,,
"Thu 23rd Apr 2020",21.5,11.9,16.7,0.0,1.5,,
"Fri 24th Apr 2020",21.8,6.4,14.1,0.0,1.9,,
"Sat 25th Apr 2020",19.8,8.0,13.9,0.0,1.7,,
"Sun 26th Apr 2020",21.0,2.8,11.9,0.2,1.6,,
"Mon 27th Apr 2020",20.0,9.9,14.9,0.0,1.6,,
"Tue 28th Apr 2020",19.5,3.2,11.3,0.0,1.6,,
"Wed 29th Apr 2020",21.3,5.8,13.5,0.0,1.6,,
"Thu 30th Apr 2020",20.2,7.5,13.9,0.0,1.2,,
"Fri 1st May 2020",19.5,9.5,14.5,0.0,0.9,,
"Sat 2nd May 2020",21.2,16.0,18.6,0.0,1.6,,
"Sun 3rd May 2020",20.1,11.2,15.6,38.4,0.8,,
"Mon 4th May 2020",20.4,12.5,16.5,7.2,1.6,,
"Tue 5th May 2020",16.4,9.5,12.9,-,1.4,,Some
"Wed 6th May 2020",15.0,1.9,8.5,0.4,1.6,,
"Thu 7th May 2020",17.7,10.6,14.2,0.2,1.3,,
"Fri 8th May 2020",18.8,4.0,11.4,0.0,1.3,,
"Sat 9th May 2020",19.3,6.0,12.7,0.0,1.2,,
"Sun 10th May 2020",19.3,9.1,14.2,0.2,1.1,,
"Mon 11th May 2020",17.8,12.4,15.1,0.6,1.3,,
"Tue 12th May 2020",18.4,12.0,15.2,0.2,1.5,,
"Wed 13th May 2020",17.0,11.1,14.0,2.8,0.9,,
"Thu 14th May 2020",17.5,4.1,10.8,0.0,0.9,,
"Fri 15th May 2020",18.7,4.4,11.6,0.0,1.0,,
"Sat 16th May 2020",19.4,3.4,11.4,0.0,1.1,,
"Sun 17th May 2020",18.4,4.1,11.3,0.0,1.2,,
"Mon 18th May 2020",18.2,0.7,9.4,0.0,1.1,,
"Tue 19th May 2020",16.8,0.4,8.6,0.0,1.0,,
"Wed 20th May 2020",16.2,-1.5,7.3,0.0,0.9,,
"Thu 21st May 2020",17.2,1.4,9.3,0.2,0.9,,
"Fri 22nd May 2020",17.4,-0.3,8.6,0.0,0.9,,
"Sat 23rd May 2020",15.9,4.2,10.0,0.2,0.8,,
"Sun 24th May 2020",18.1,15.9,17.0,14.4,0.6,,
"Mon 25th May 2020",18.7,13.9,16.3,21.0,0.6,,
"Tue 26th May 2020",18.9,13.5,16.2,-,0.8,,Some
"Wed 27th May 2020",14.4,8.1,11.2,-,0.5,,Some
"Thu 28th May 2020",17.4,9.3,13.4,-,0.8,,Some
"Fri 29th May 2020",15.1,12.5,13.8,-,0.6,,Some
"Sat 30th May 2020",18.5,9.4,14.0,-,0.7,,Some
"Sun 31st May 2020",15.6,12.7,14.1,-,0.7,,Some
"Mon 1st Jun 2020",17.8,13.4,15.6,-,0.9,,Some
"Tue 2nd Jun 2020",17.4,5.1,11.3,0.0,0.9,,
"Wed 3rd Jun 2020",18.1,8.3,13.2,0.0,1.0,,
"Thu 4th Jun 2020",18.9,8.1,13.5,0.2,0.8,,
"Fri 5th Jun 2020",17.7,9.7,13.7,5.2,0.7,,
"Sat 6th Jun 2020",16.0,7.6,11.8,0.2,0.8,,
"Sun 7th Jun 2020",14.8,4.2,9.5,0.0,1.0,,
"Mon 8th Jun 2020",15.9,3.2,9.6,0.2,0.7,,
"Tue 9th Jun 2020",16.0,4.4,10.2,0.0,0.8,,
"Wed 10th Jun 2020",17.4,5.9,11.6,0.2,0.6,,
"Thu 11th Jun 2020",16.7,6.3,11.5,7.4,0.7,,
"Fri 12th Jun 2020",15.8,6.0,10.9,0.0,0.7,,
"Sat 13th Jun 2020",16.1,8.6,12.3,0.0,0.6,,
"Sun 14th Jun 2020",16.1,2.2,9.2,0.0,0.7,,
"Mon 15th Jun 2020",16.5,6.3,11.4,0.0,0.7,,
"Tue 16th Jun 2020",16.8,4.8,10.8,0.0,0.6,,
"Wed 17th Jun 2020",18.8,7.0,12.9,4.4,0.7,,
"Thu 18th Jun 2020",15.4,2.4,8.9,29.2,0.4,,
"Fri 19th Jun 2020",16.6,3.6,10.1,0.0,0.6,,
"Sat 20th Jun 2020",17.0,7.9,12.5,0.0,0.8,,
"Sun 21st Jun 2020",15.8,12.0,13.9,0.0,0.7,,
"Mon 22nd Jun 2020",18.5,6.1,12.3,0.0,1.1,,
"Tue 23rd Jun 2020",17.2,12.8,15.0,0.0,1.2,,
"Wed 24th Jun 2020",16.4,8.4,12.4,54.8,0.9,,
"Thu 25th Jun 2020",16.3,7.5,11.9,0.0,0.6,,
"Fri 26th Jun 2020",17.0,12.4,14.7,61.4,0.7,,
"Sat 27th Jun 2020",19.0,10.2,14.6,4.6,0.8,,
"Sun 28th Jun 2020",15.8,7.5,11.6,11.2,0.7,,
"Mon 29th Jun 2020",15.1,7.1,11.1,13.4,0.6,,
"Tue 30th Jun 2020",14.6,2.8,8.7,0.0,0.7,,
"Wed 1st Jul 2020",14.2,2.6,8.4,0.0,0.6,,
"Thu 2nd Jul 2020",14.2,-1.1,6.5,0.0,0.9,,
"Fri 3rd Jul 2020",14.7,3.2,8.9,0.0,0.6,,
"Sat 4th Jul 2020",14.4,3.0,8.7,0.0,0.6,,
"Sun 5th Jul 2020",16.4,9.4,12.9,16.6,1.1,,
"Mon 6th Jul 2020",13.4,6.5,9.9,0.0,0.5,,
"Tue 7th Jul 2020",14.9,8.8,11.9,17.4,1.4,,
"Wed 8th Jul 2020",12.7,7.3,10.0,-,1.4,,Some
"Thu 9th Jul 2020",13.7,-0.1,6.8,-,0.9,,Some
"Fri 10th Jul 2020",15.4,3.1,9.2,-,0.7,,Some
"Sat 11th Jul 2020",14.0,2.5,8.3,-,0.6,,Some
"Sun 12th Jul 2020",15.4,6.5,11.0,-,0.8,,Some
"Mon 13th Jul 2020",17.6,8.9,13.3,-,0.8,,Some
"Tue 14th Jul 2020",15.7,9.3,12.5,-,0.6,,Some
"Wed 15th Jul 2020",14.1,11.7,12.9,-,0.6,,Some
"Thu 16th Jul 2020",14.9,9.6,12.3,-,0.6,,Some
"Fri 17th Jul 2020",15.3,11.2,13.2,-,0.7,,Some
"Sat 18th Jul 2020",16.5,11.8,14.1,-,0.8,,Some
"Sun 19th Jul 2020",16.7,10.2,13.4,0.0,1.1,,
"Mon 20th Jul 2020",17.4,8.6,13.0,0.8,0.8,,
"Tue 21st Jul 2020",16.4,8.5,12.5,10.6,0.8,,
"Wed 22nd Jul 2020",13.7,9.4,11.6,3.8,1.6,,
"Thu 23rd Jul 2020",15.9,10.9,13.4,1.2,1.6,,
"Fri 24th Jul 2020",14.6,2.7,8.6,0.0,1.0,,
"Sat 25th Jul 2020",14.5,4.8,9.6,1.2,0.9,,
"Sun 26th Jul 2020",15.0,0.5,7.7,0.0,0.9,,
"Mon 27th Jul 2020",15.6,1.9,8.8,0.0,0.9,,
"Tue 28th Jul 2020",15.9,2.1,9.0,0.2,0.9,,
"Wed 29th Jul 2020",15.4,5.6,10.5,0.0,1.0,,
"Thu 30th Jul 2020",14.6,9.8,12.2,0.2,0.9,,
"Fri 31st Jul 2020",15.1,11.5,13.3,0.0,1.4,,
"Sat 1st Aug 2020",14.2,11.9,13.0,2.6,1.2,,
"Sun 2nd Aug 2020",14.8,9.4,12.1,0.4,1.1,,
"Mon 3rd Aug 2020",16.4,2.4,9.4,0.4,1.0,,
"Tue 4th Aug 2020",19.2,1.8,10.5,0.2,1.1,,
"Wed 5th Aug 2020",17.3,6.6,12.0,0.2,1.0,,
"Thu 6th Aug 2020",16.6,12.0,14.3,8.4,1.1,,
"Fri 7th Aug 2020",17.3,8.8,13.1,7.6,1.5,,
"Sat 8th Aug 2020",14.2,2.7,8.4,5.2,0.9,,
"Sun 9th Aug 2020",14.6,7.7,11.1,2.8,1.3,,
"Mon 10th Aug 2020",14.8,6.2,10.5,4.8,1.0,,
"Tue 11th Aug 2020",15.6,6.6,11.1,23.0,0.5,,
"Wed 12th Aug 2020",17.4,3.6,10.5,0.4,1.1,,
"Thu 13th Aug 2020",16.1,3.6,9.8,0.0,1.5,,
"Fri 14th Aug 2020",13.6,2.6,8.1,0.0,1.0,,
"Sat 15th Aug 2020",16.0,-2.0,7.0,0.0,1.2,,
"Sun 16th Aug 2020",14.5,0.4,7.4,0.0,1.4,,
"Mon 17th Aug 2020",14.6,7.8,11.2,0.2,1.4,,
"Tue 18th Aug 2020",14.7,12.4,13.5,14.8,1.4,,
"Wed 19th Aug 2020",17.9,12.1,15.0,3.8,1.0,,
"Thu 20th Aug 2020",19.2,12.3,15.7,3.0,1.7,,
"Fri 21st Aug 2020",16.8,8.8,12.8,2.2,1.4,,
"Sat 22nd Aug 2020",18.8,6.4,12.6,2.6,1.5,,
"Sun 23rd Aug 2020",18.9,10.6,14.7,11.6,1.3,,
"Mon 24th Aug 2020",16.0,9.4,12.7,21.4,1.2,,
"Tue 25th Aug 2020",14.8,9.4,12.1,7.6,1.7,,
"Wed 26th Aug 2020",13.8,8.5,11.1,1.8,1.8,,
"Thu 27th Aug 2020",14.7,4.9,9.8,8.0,1.4,,
"Fri 28th Aug 2020",15.7,2.6,9.2,0.2,1.6,,
"Sat 29th Aug 2020",18.2,3.5,10.9,0.0,1.8,,
"Sun 30th Aug 2020",17.2,8.4,12.8,0.0,1.6,,
"Mon 31st Aug 2020",15.7,11.2,13.5,0.0,1.5,,
"Tue 1st Sep 2020",12.4,7.3,9.8,1.8,1.5,,
"Wed 2nd Sep 2020",13.7,2.5,8.1,1.2,1.4,,
"Thu 3rd Sep 2020",12.9,-0.5,6.2,0.2,1.8,,
"Fri 4th Sep 2020",15.5,7.9,11.7,0.0,2.1,,
"Sat 5th Sep 2020",14.6,6.5,10.5,1.0,1.5,,
"Sun 6th Sep 2020",16.8,11.4,14.1,2.4,1.6,,
"Mon 7th Sep 2020",15.5,1.2,8.3,0.0,1.4,,
"Tue 8th Sep 2020",17.8,0.5,9.2,0.0,2.1,,
"Wed 9th Sep 2020",14.9,8.8,11.8,0.0,1.9,,
"Thu 10th Sep 2020",15.5,5.4,10.5,3.0,1.7,,
"Fri 11th Sep 2020",15.3,-0.2,7.6,0.0,2.1,,
"Sat 12th Sep 2020",15.1,3.2,9.1,0.0,2.6,,
"Sun 13th Sep 2020",15.3,12.5,13.9,0.0,2.7,,
"Mon 14th Sep 2020",15.6,12.1,13.8,0.0,2.2,,
"Tue 15th Sep 2020",24.9,10.0,17.4,1.8,4.6,,Some
"Wed 16th Sep 2020",16.6,5.5,11.0,0.0,2.3,,
"Thu 17th Sep 2020",17.2,11.8,14.5,0.2,2.2,,
"Fri 18th Sep 2020",15.8,11.0,13.4,6.4,2.3,,
"Sat 19th Sep 2020",16.1,2.9,9.5,0.2,1.9,,
"Sun 20th Sep 2020",17.4,4.6,11.0,0.0,2.3,,
"Mon 21st Sep 2020",18.6,2.4,10.5,0.0,2.7,,
"Tue 22nd Sep 2020",20.2,6.5,13.4,0.0,2.5,,
"Wed 23rd Sep 2020",19.8,15.2,17.5,0.0,2.8,,
"Thu 24th Sep 2020",20.6,13.8,17.2,0.0,2.1,,
"Fri 25th Sep 2020",20.1,7.5,13.8,0.0,2.6,,
"Sat 26th Sep 2020",23.0,16.1,19.6,13.4,3.0,,
"Sun 27th Sep 2020",19.0,10.9,14.9,8.2,2.4,,
"Mon 28th Sep 2020",16.1,11.3,13.7,2.6,3.2,,
"Tue 29th Sep 2020",15.3,8.1,11.7,0.0,2.9,,
"Wed 30th Sep 2020",15.8,3.0,9.4,0.2,2.5,,
"Thu 1st Oct 2020",17.5,1.3,9.4,0.0,1.9,,
"Fri 2nd Oct 2020",18.1,1.7,9.9,0.0,1.8,,
"Sat 3rd Oct 2020",20.2,4.0,12.1,0.0,3.0,,
"Sun 4th Oct 2020",18.8,6.3,12.5,0.0,2.8,,
"Mon 5th Oct 2020",21.3,6.3,13.8,0.0,3.1,,
"Tue 6th Oct 2020",17.5,7.2,12.3,0.0,2.4,,
"Wed 7th Oct 2020",18.5,9.7,14.1,0.0,2.6,,
"Thu 8th Oct 2020",19.3,12.5,15.9,0.4,3.1,,
"Fri 9th Oct 2020",16.7,13.2,14.9,0.0,3.5,,
"Sat 10th Oct 2020",17.5,13.5,15.5,0.0,3.3,,
"Sun 11th Oct 2020",19.0,14.6,16.8,0.0,3.1,,
"Mon 12th Oct 2020",19.0,14.9,16.9,12.8,1.7,,
"Tue 13th Oct 2020",16.6,5.0,10.8,8.0,1.0,,
"Wed 14th Oct 2020",17.9,5.1,11.5,0.4,2.8,,
"Thu 15th Oct 2020",16.9,7.9,12.4,0.6,1.9,,
"Fri 16th Oct 2020",17.9,2.1,10.0,0.2,2.8,,
"Sat 17th Oct 2020",16.7,3.7,10.2,0.0,3.1,,
"Sun 18th Oct 2020",20.8,12.0,16.4,1.2,3.2,,
"Mon 19th Oct 2020",21.4,15.3,18.3,0.0,2.8,,
"Tue 20th Oct 2020",21.3,15.0,18.2,0.0,3.0,,
"Wed 21st Oct 2020",22.1,10.4,16.3,0.0,3.2,,
"Thu 22nd Oct 2020",23.4,10.0,16.7,0.8,3.9,,
"Fri 23rd Oct 2020",21.8,11.3,16.5,0.4,2.2,,
"Sat 24th Oct 2020",23.7,10.6,17.1,0.2,3.3,,
"Sun 25th Oct 2020",23.1,9.1,16.1,0.0,2.7,,
"Mon 26th Oct 2020",23.7,8.7,16.2,0.0,3.1,,
"Tue 27th Oct 2020",23.3,11.4,17.3,0.0,3.5,,
"Wed 28th Oct 2020",21.4,15.8,18.6,0.0,2.7,,
"Thu 29th Oct 2020",21.3,14.7,18.0,0.2,2.3,,
"Fri 30th Oct 2020",23.2,12.8,18.0,0.0,2.5,,
"Sat 31st Oct 2020",24.8,14.0,19.4,5.6,2.7,,
"Sun 1st Nov 2020",21.6,8.0,14.8,0.0,3.2,,
"Mon 2nd Nov 2020",23.6,16.8,20.2,3.0,3.2,,
"Tue 3rd Nov 2020",22.3,18.1,20.2,2.0,2.5,,
"Wed 4th Nov 2020",20.7,16.5,18.6,8.0,2.1,,
"Thu 5th Nov 2020",20.1,16.1,18.1,42.2,1.2,,
"Fri 6th Nov 2020",22.4,12.6,17.5,0.0,3.0,,
"Sat 7th Nov 2020",24.6,16.7,20.7,34.4,3.2,,
"Sun 8th Nov 2020",21.7,8.1,14.9,2.6,3.5,,
"Mon 9th Nov 2020",20.6,9.9,15.2,6.8,2.7,,
"Tue 10th Nov 2020",18.1,10.9,14.5,4.0,2.6,,
"Wed 11th Nov 2020",18.5,11.3,14.9,0.0,3.3,,
"Thu 12th Nov 2020",20.2,7.3,13.7,0.0,3.5,,
"Fri 13th Nov 2020",22.5,10.5,16.5,0.0,4.1,,
"Sat 14th Nov 2020",21.8,8.2,15.0,0.0,4.5,,
"Sun 15th Nov 2020",21.7,8.6,15.1,0.0,4.4,,
"Mon 16th Nov 2020",23.2,8.5,15.8,0.0,3.8,,
"Tue 17th Nov 2020",21.1,13.5,17.3,0.0,3.8,,
"Wed 18th Nov 2020",20.2,13.4,16.8,0.6,3.4,,
"Thu 19th Nov 2020",19.7,6.8,13.2,0.0,4.1,,
"Fri 20th Nov 2020",20.9,7.3,14.1,0.0,4.2,,
"Sat 21st Nov 2020",20.4,15.1,17.7,2.2,3.5,,
"Sun 22nd Nov 2020",18.8,6.0,12.4,0.0,3.6,,
"Mon 23rd Nov 2020",20.5,9.5,15.0,0.0,3.4,,
"Tue 24th Nov 2020",22.8,12.9,17.8,12.4,2.2,,
"Wed 25th Nov 2020",26.3,13.8,20.1,3.4,4.4,,
"Thu 26th Nov 2020",23.0,15.2,19.1,2.2,3.0,,
"Fri 27th Nov 2020",20.2,13.6,16.9,0.2,4.5,,
"Sat 28th Nov 2020",19.7,8.9,14.3,2.0,4.6,,
"Sun 29th Nov 2020",20.7,13.1,16.9,1.2,2.3,,
"Mon 30th Nov 2020",22.9,15.6,19.2,6.8,2.1,,
"Tue 1st Dec 2020",20.8,8.1,14.4,0.0,3.2,,
"Wed 2nd Dec 2020",23.5,17.4,20.5,0.0,4.3,,
"Thu 3rd Dec 2020",20.0,8.8,14.4,1.4,3.3,,
"Fri 4th Dec 2020",19.7,12.1,15.9,0.0,4.0,,
"Sat 5th Dec 2020",20.5,14.2,17.3,5.6,3.2,,
"Sun 6th Dec 2020",22.0,13.6,17.8,0.0,4.4,,
"Mon 7th Dec 2020",25.8,19.5,22.6,0.2,3.9,,
"Tue 8th Dec 2020",25.9,13.3,19.6,0.0,3.8,,
"Wed 9th Dec 2020",29.2,18.9,24.1,18.4,3.7,,
"Thu 10th Dec 2020",23.8,14.4,19.1,1.4,3.0,,
"Fri 11th Dec 2020",21.7,13.3,17.5,0.0,4.1,,
"Sat 12th Dec 2020",19.9,14.0,17.0,0.2,4.6,,
"Sun 13th Dec 2020",21.4,10.1,15.8,0.0,3.7,,
"Mon 14th Dec 2020",25.6,7.9,16.8,0.0,5.1,,
"Tue 15th Dec 2020",23.4,8.4,15.9,0.0,5.0,,
"Wed 16th Dec 2020",20.6,14.9,17.8,0.0,4.8,,
"Thu 17th Dec 2020",21.6,9.0,15.3,0.0,4.5,,
"Fri 18th Dec 2020",25.2,13.0,19.1,0.0,4.5,,
"Sat 19th Dec 2020",25.8,11.2,18.5,0.0,3.9,,
"Sun 20th Dec 2020",25.3,10.5,17.9,0.0,4.1,,
"Mon 21st Dec 2020",25.6,13.5,19.6,0.0,3.5,,
"Tue 22nd Dec 2020",24.8,14.8,19.8,0.0,2.6,,
"Wed 23rd Dec 2020",25.8,17.0,21.4,3.6,2.8,,
"Thu 24th Dec 2020",22.7,15.9,19.3,0.4,3.6,,
"Fri 25th Dec 2020",20.9,10.4,15.6,1.2,3.7,,
"Sat 26th Dec 2020",20.6,9.6,15.1,0.0,4.5,,
"Sun 27th Dec 2020",19.7,6.0,12.8,0.4,4.1,,
"Mon 28th Dec 2020",19.7,6.1,12.9,0.0,4.5,,
"Tue 29th Dec 2020",21.0,12.4,16.7,0.0,4.9,,
"Wed 30th Dec 2020",21.5,11.9,16.7,0.0,4.2,,
"Thu 31st Dec 2020",24.3,8.1,16.2,0.0,3.6,,
"Fri 1st Jan 2021",25.6,15.4,20.5,0.0,5.3,,
"Sat 2nd Jan 2021",25.8,13.6,19.7,5.2,4.0,,
"Sun 3rd Jan 2021",24.1,13.4,18.7,15.6,2.6,,
"Mon 4th Jan 2021",27.2,11.7,19.4,0.0,5.1,,
"Tue 5th Jan 2021",28.5,11.0,19.7,0.0,5.1,,
"Wed 6th Jan 2021",28.6,13.4,21.0,0.0,5.5,,
"Thu 7th Jan 2021",26.5,17.3,21.9,14.6,3.4,,
"Fri 8th Jan 2021",24.9,13.6,19.3,5.6,3.5,,
"Sat 9th Jan 2021",25.9,12.2,19.1,0.2,4.3,,
"Sun 10th Jan 2021",25.0,12.9,19.0,0.0,4.6,,
"Mon 11th Jan 2021",23.7,9.3,16.5,0.0,4.3,,
"Tue 12th Jan 2021",26.3,13.9,20.1,0.0,5.1,,
"Wed 13th Jan 2021",26.6,12.5,19.6,0.0,4.6,,
"Thu 14th Jan 2021",27.4,11.7,19.6,0.0,4.7,,
"Fri 15th Jan 2021",24.3,12.6,18.4,0.0,4.9,,
"Sat 16th Jan 2021",25.1,9.8,17.5,0.0,3.9,,
"Sun 17th Jan 2021",26.9,16.8,21.9,0.8,4.0,,
"Mon 18th Jan 2021",23.2,16.1,19.6,0.4,4.9,,
"Tue 19th Jan 2021",25.4,16.3,20.8,4.8,4.4,,
"Wed 20th Jan 2021",20.5,9.6,15.0,3.2,3.5,,
"Thu 21st Jan 2021",20.6,9.7,15.1,1.2,3.9,,
"Fri 22nd Jan 2021",22.0,10.8,16.4,0.0,4.2,,
"Sat 23rd Jan 2021",23.5,16.6,20.1,0.0,4.5,,
"Sun 24th Jan 2021",22.9,17.8,20.4,0.0,2.5,,
"Mon 25th Jan 2021",24.7,17.3,21.0,0.0,5.2,,
"Tue 26th Jan 2021",24.5,12.6,18.6,0.0,2.8,,
"Wed 27th Jan 2021",27.6,15.3,21.4,0.0,4.3,,
"Thu 28th Jan 2021",25.0,14.8,19.9,0.0,4.3,,
"Fri 29th Jan 2021",21.4,9.7,15.5,0.0,4.1,,
"Sat 30th Jan 2021",24.5,7.0,15.7,0.0,4.8,,
"Sun 31st Jan 2021",26.1,8.1,17.1,0.0,4.6,,
"Mon 1st Feb 2021",25.7,10.0,17.8,0.0,3.9,,
"Tue 2nd Feb 2021",26.0,8.0,17.0,0.0,3.8,,
"Wed 3rd Feb 2021",25.6,9.4,17.5,0.0,4.7,,
"Thu 4th Feb 2021",27.7,14.1,20.9,0.0,5.0,,
"Fri 5th Feb 2021",26.2,11.1,18.6,0.0,3.7,,
"Sat 6th Feb 2021",26.1,13.8,20.0,0.0,3.4,,
"Sun 7th Feb 2021",26.3,10.5,18.4,0.0,4.5,,
"Mon 8th Feb 2021",25.6,14.5,20.1,0.8,4.3,,
"Tue 9th Feb 2021",27.0,18.4,22.7,4.2,2.6,,
"Wed 10th Feb 2021",22.7,15.8,19.3,3.8,1.4,,
"Thu 11th Feb 2021",23.7,9.0,16.3,0.0,3.3,,
"Fri 12th Feb 2021",22.7,7.5,15.1,0.0,4.3,,
"Sat 13th Feb 2021",26.4,10.7,18.6,0.0,4.7,,
"Sun 14th Feb 2021",25.3,17.6,21.4,27.2,3.8,,
"Mon 15th Feb 2021",22.4,19.1,20.8,21.2,1.3,,
"Tue 16th Feb 2021",24.1,16.7,20.4,0.4,2.4,,
"Wed 17th Feb 2021",25.8,11.8,18.8,0.0,4.6,,
"Thu 18th Feb 2021",24.3,7.7,16.0,0.0,4.0,,
"Fri 19th Feb 2021",23.6,7.9,15.7,0.0,4.0,,
"Sat 20th Feb 2021",27.1,9.5,18.3,0.0,4.3,,
"Sun 21st Feb 2021",26.9,10.6,18.7,0.0,4.1,,Some
"Mon 22nd Feb 2021",25.3,18.5,21.9,0.0,4.4,,
"Tue 23rd Feb 2021",26.3,14.9,20.6,0.0,4.3,,
"Wed 24th Feb 2021",26.2,13.3,19.7,0.0,4.1,,
"Thu 25th Feb 2021",26.9,11.0,19.0,0.0,3.6,,
"Fri 26th Feb 2021",25.4,11.4,18.4,0.0,3.4,,
"Sat 27th Feb 2021",25.5,12.3,18.9,0.0,3.5,,
"Sun 28th Feb 2021",26.3,11.3,18.8,0.0,4.1,,
"Mon 1st Mar 2021",24.9,16.2,20.6,6.8,3.0,,
"Tue 2nd Mar 2021",27.9,16.1,22.0,1.2,3.9,,
"Wed 3rd Mar 2021",25.3,16.1,20.7,17.2,2.1,,
"Thu 4th Mar 2021",24.6,10.9,17.8,7.4,2.0,,
"Fri 5th Mar 2021",24.8,10.1,17.4,0.0,3.3,,
"Sat 6th Mar 2021",25.1,15.4,20.3,0.6,2.9,,
"Sun 7th Mar 2021",22.5,15.9,19.2,4.4,4.7,,
"Mon 8th Mar 2021",21.4,15.5,18.5,0.8,3.2,,
"Tue 9th Mar 2021",22.4,12.1,17.2,0.0,2.6,,
"Wed 10th Mar 2021",24.8,17.2,21.0,3.2,2.5,,
"Thu 11th Mar 2021",23.4,8.7,16.0,0.2,2.5,,
"Fri 12th Mar 2021",26.7,10.9,18.8,0.0,3.6,,
"Sat 13th Mar 2021",25.0,7.3,16.1,0.0,3.2,,
"Sun 14th Mar 2021",25.3,10.5,17.9,0.0,3.2,,
"Mon 15th Mar 2021",25.5,11.6,18.6,0.0,3.0,,
"Tue 16th Mar 2021",23.0,7.3,15.2,0.4,1.8,,
"Wed 17th Mar 2021",24.8,14.4,19.6,5.8,2.8,,
"Thu 18th Mar 2021",21.8,13.4,17.6,0.2,2.3,,
"Fri 19th Mar 2021",22.6,9.8,16.2,0.0,2.7,,
"Sat 20th Mar 2021",23.2,8.7,16.0,0.0,2.9,,
"Sun 21st Mar 2021",23.4,9.0,16.2,0.0,3.2,,
"Mon 22nd Mar 2021",24.4,8.6,16.5,0.0,2.6,,
"Tue 23rd Mar 2021",24.8,6.6,15.7,0.0,2.5,,
"Wed 24th Mar 2021",23.2,6.5,14.8,0.0,2.4,,
"Thu 25th Mar 2021",25.1,7.7,16.4,0.0,2.9,,
"Fri 26th Mar 2021",23.5,16.4,19.9,0.0,2.9,,
"Sat 27th Mar 2021",23.6,17.0,20.3,0.2,3.1,,
"Sun 28th Mar 2021",23.4,17.5,20.5,1.8,2.3,,
"Mon 29th Mar 2021",24.9,17.6,21.3,29.6,1.9,,
"Tue 30th Mar 2021",22.5,20.8,21.6,0.0,1.5,,
"Wed 31st Mar 2021",23.9,9.9,16.9,2.8,2.2,,
"Thu 1st Apr 2021",22.6,8.9,15.7,14.8,1.4,,
"Fri 2nd Apr 2021",20.9,11.6,16.3,2.0,2.6,,
"Sat 3rd Apr 2021",24.0,8.8,16.4,0.0,2.6,,
"Sun 4th Apr 2021",22.0,10.6,16.3,0.0,2.3,,
"Mon 5th Apr 2021",23.0,18.3,20.7,0.0,2.3,,
"Tue 6th Apr 2021",23.5,12.4,17.9,0.0,2.1,,
"Wed 7th Apr 2021",22.9,10.4,16.7,0.0,2.0,,
"Thu 8th Apr 2021",24.2,11.5,17.9,0.0,2.3,,
"Fri 9th Apr 2021",21.6,17.4,19.5,3.8,1.9,,
"Sat 10th Apr 2021",20.6,17.9,19.3,23.4,0.8,,
"Sun 11th Apr 2021",24.4,11.4,17.9,0.0,2.3,,
"Mon 12th Apr 2021",21.2,14.7,18.0,0.4,1.4,,
"Tue 13th Apr 2021",22.7,11.8,17.2,10.8,2.0,,
"Wed 14th Apr 2021",20.7,8.1,14.4,8.6,1.5,,
"Thu 15th Apr 2021",20.8,15.3,18.1,1.6,1.9,,
"Fri 16th Apr 2021",21.8,13.5,17.7,11.6,2.3,,
"Sat 17th Apr 2021",19.2,6.5,12.9,0.4,2.0,,
"Sun 18th Apr 2021",19.3,10.0,14.7,0.8,1.8,,
"Mon 19th Apr 2021",20.1,8.7,14.4,4.0,1.4,,
"Tue 20th Apr 2021",18.7,13.4,16.0,8.8,0.9,,
"Wed 21st Apr 2021",21.8,11.0,16.4,4.8,1.5,,
"Thu 22nd Apr 2021",21.1,6.0,13.6,33.6,1.7,,
"Fri 23rd Apr 2021",22.1,10.7,16.4,6.6,1.5,,
"Sat 24th Apr 2021",20.2,9.4,14.8,4.8,1.8,,
"Sun 25th Apr 2021",19.2,10.0,14.6,1.8,1.9,,
"Mon 26th Apr 2021",19.2,8.5,13.9,4.8,1.7,,
"Tue 27th Apr 2021",16.5,10.8,13.6,1.2,1.4,,
"Wed 28th Apr 2021",18.4,2.7,10.6,0.0,1.2,,
"Thu 29th Apr 2021",19.4,5.2,12.3,0.0,1.3,,
"Fri 30th Apr 2021",19.8,8.3,14.0,2.0,1.3,,
"Sat 1st May 2021",11.0,1.4,6.2,0.0,1.1,,
"Sun 2nd May 2021",19.0,2.1,10.5,0.0,1.4,,
"Mon 3rd May 2021",20.2,7.6,13.9,0.0,1.3,,
"Tue 4th May 2021",19.6,8.1,13.8,0.0,1.4,,
"Wed 5th May 2021",20.3,5.1,12.7,0.0,1.2,,
"Thu 6th May 2021",21.5,6.7,14.1,0.0,1.2,,
"Fri 7th May 2021",19.9,13.4,16.7,0.0,1.5,,
"Sat 8th May 2021",18.8,15.3,17.1,1.8,0.9,,
"Sun 9th May 2021",22.3,17.1,19.7,4.6,0.9,,
"Mon 10th May 2021",-,-,-,-,-,,All
"Information from HortPlus MetWatch www.metwatch.nz"
